name,categoria,calories,protein,carbs,fat,fiber,sugar,sodium,n_productos
Aceite De Oliva Virgen Extra,ACEITES Y GRASAS,830.8,0.0,0.0,92.3,0.0,0.0,0.0,749
Tomate Triturado,VEGETALES Y FRUTAS,20.0,1.0,3.8,0.0,1.1,2.5,15.4,323
Pan De Viena,MASAS Y PANADERÍA,281.2,7.2,52.0,4.4,2.0,4.6,381.0,193
Tomates Pelados Peritas Enteros Comunes,VEGETALES Y FRUTAS,19.2,1.0,3.5,0.1,0.8,3.0,24.6,175
Duraznos Amarillos En Mitades Comunes En Jarabe Diluido,VEGETALES Y FRUTAS,62.9,0.5,15.0,0.0,0.9,12.9,10.0,165
Azucar Comun Tipo A,AZÚCARES Y EDULCORANTES,400.0,0.0,100.0,0.0,0.0,100.0,0.0,155
Palmitos En Trozos,VEGETALES Y FRUTAS,30.0,2.0,5.0,0.0,2.0,1.2,260.0,147
Granos De Choclo Amarillo Enteros,VEGETALES Y FRUTAS,66.2,2.9,12.0,1.5,2.9,2.5,216.2,145
Pimientos Morrones Enteros Comunes,VEGETALES Y FRUTAS,24.0,0.8,4.8,0.0,1.2,2.6,240.0,141
Yerba Mate Elaborada Con Palo,TÉ E INFUSIONES,42.0,1.6,9.6,0.0,1.2,1.8,14.0,132
Pan,MASAS Y PANADERÍA,276.0,7.8,50.0,3.5,2.0,4.1,356.0,130
Miel,CONFITURAS Y DULCES,330.0,0.5,80.0,0.0,0.0,80.0,0.0,120
Ananas En Rodajas Comunes,VEGETALES Y FRUTAS,84.3,0.4,20.7,0.0,0.7,20.0,0.0,115
Chocolate Amargo,CACAO Y CHOCOLATE,563.2,9.6,34.8,44.0,11.6,27.2,0.0,102
Palmitos Enteros,VEGETALES Y FRUTAS,26.0,2.0,4.0,0.0,1.8,1.2,264.0,100
Salsa A Base De Tomate,SALSAS Y ADEREZOS,41.7,1.4,7.8,1.2,1.5,4.5,210.0,99
Snacks,GALLETITAS Y BARRAS,516.0,6.0,60.0,28.4,0.8,40.0,516.0,98
Palmitos En Rodajas,VEGETALES Y FRUTAS,30.0,2.0,4.6,0.0,2.0,1.4,266.0,93
Mostaza De Mesa,SALSAS Y ADEREZOS,133.3,6.7,8.3,7.5,4.2,2.9,1504.2,92
Papas Prefritas Supercongeladas,VEGETALES Y FRUTAS,135.3,2.4,22.4,3.9,2.5,0.0,30.6,89
Mermelada De Durazno,CONFITURAS Y DULCES,265.0,0.0,65.0,0.0,0.0,60.0,0.0,86
Pure De Tomates,VEGETALES Y FRUTAS,31.7,1.3,6.2,0.0,1.3,4.2,28.3,85
Champignones Enteros,HONGOS,16.0,2.0,1.6,0.0,1.6,0.0,250.0,77
Snack,GALLETITAS Y BARRAS,512.0,6.0,56.0,28.8,2.8,1.6,648.0,77
Ananas En Trozos Comunes,VEGETALES Y FRUTAS,82.9,0.4,20.7,0.0,0.7,20.0,0.0,76
Dulce De Membrillo,CONFITURAS Y DULCES,283.8,0.0,70.0,0.0,2.0,57.5,15.0,74
Duraznos Amarillos En Trozos Comunes En Jarabe Diluido,VEGETALES Y FRUTAS,62.1,0.5,15.0,0.0,0.8,11.8,9.3,73
Pan Rallado,MASAS Y PANADERÍA,330.0,9.3,66.7,2.3,2.7,0.0,411.7,71
Chocolate Con Leche,CACAO Y CHOCOLATE,552.7,7.5,56.0,33.2,2.4,52.0,88.0,70
Mermelada De Frutilla,CONFITURAS Y DULCES,265.0,0.0,65.0,0.0,1.2,60.0,0.0,70
Aceitunas Verdes En Salmuera,VEGETALES Y FRUTAS,170.0,1.0,5.5,15.0,2.5,1.0,2080.0,69
Pan Tipo Viena,MASAS Y PANADERÍA,338.0,8.2,66.0,4.8,2.6,5.7,384.0,69
Peras En Mitades Comunes En Jarabe Diluido,VEGETALES Y FRUTAS,64.3,0.4,15.7,0.0,1.1,12.1,8.6,69
Pan De Sandwich,MASAS Y PANADERÍA,286.0,8.3,61.8,2.5,2.6,0.3,438.0,68
Champignones En Trozos,HONGOS,16.0,2.0,1.6,0.0,1.6,0.0,250.0,63
Coctel De Cuatro Frutas Grado Comun En Jarabe Diluido,VEGETALES Y FRUTAS,64.3,0.4,15.7,0.0,1.1,12.9,10.0,63
Palmitos,VEGETALES Y FRUTAS,30.8,2.0,4.6,0.6,2.0,1.4,240.0,61
Pan Lacteado,MASAS Y PANADERÍA,272.0,8.0,50.0,3.8,2.0,4.3,388.0,60
Mermelada De Ciruela,CONFITURAS Y DULCES,265.0,0.0,65.0,0.0,0.2,60.0,0.0,59
Arvejas Secas Remojadas,VEGETALES Y FRUTAS,92.3,6.3,15.4,0.6,5.1,1.1,71.5,58
Avena Arrollada,CEREALES Y HARINAS,357.1,13.7,56.7,7.7,10.3,0.7,0.0,56
Mermelada De Damasco,CONFITURAS Y DULCES,265.0,0.0,65.0,0.0,0.0,60.0,0.0,54
Pulpa De Tomate,VEGETALES Y FRUTAS,21.7,0.8,4.3,0.0,0.8,3.0,31.7,53
Fideos Secos,PASTAS,347.5,11.2,71.2,1.1,3.0,2.4,10.0,53
Chorizo Fresco,CARNES Y CHACINADOS,312.0,16.9,1.4,26.0,0.0,0.0,783.0,52
Morcilla,CARNES Y CHACINADOS,222.5,15.2,7.0,16.0,0.0,0.0,690.0,48
Ketchup,SALSAS Y ADEREZOS,116.7,1.2,26.7,0.0,0.8,21.7,908.3,48
Tapas Para Empanadas,MASAS Y PANADERÍA,323.3,6.7,50.0,10.7,2.2,0.0,360.0,48
Tomates Pelados Cubeteados,VEGETALES Y FRUTAS,20.0,1.0,3.5,0.0,0.8,2.6,25.4,47
Aceite De Oliva Extra Virgen,ACEITES Y GRASAS,830.8,0.0,0.0,92.3,0.0,0.0,0.0,47
Aceitunas Verdes En Rodajas En Salmuera,VEGETALES Y FRUTAS,150.0,0.5,2.8,15.5,2.5,0.0,2040.0,46
Pure De Tomate,VEGETALES Y FRUTAS,30.0,1.3,5.5,0.0,1.0,4.2,36.7,46
Pan Con Salvado,MASAS Y PANADERÍA,251.0,7.5,47.0,2.7,4.4,2.2,274.0,46
Aceitunas Verdes Descarozadas En Salmuera,VEGETALES Y FRUTAS,145.0,0.5,5.0,12.5,2.5,0.5,1965.0,45
Aceite De Oliva Virgen,ACEITES Y GRASAS,892.3,0.0,0.0,100.0,0.0,0.0,0.0,44
Snack A Base De Papa,CEREALES Y HARINAS,508.0,5.8,56.0,28.0,4.0,2.4,572.0,44
Mermelada De Membrillo,CONFITURAS Y DULCES,265.0,0.0,65.0,0.0,0.0,65.0,0.0,42
Pan Sandwich,MASAS Y PANADERÍA,245.0,7.0,48.0,2.6,2.0,0.0,388.8,42
Salsa A Base De Soja,SALSAS Y ADEREZOS,76.7,6.7,12.0,0.0,0.0,9.3,6480.0,42
Dulce De Leche,LÁCTEOS,320.0,6.5,55.0,7.0,0.0,55.0,120.0,39
Confitura De Frambuesa,CONFITURAS Y DULCES,222.5,0.5,55.0,0.0,3.0,50.0,0.0,38
Puré De Tomates,VEGETALES Y FRUTAS,29.2,1.3,5.8,0.0,1.0,4.2,36.7,38
Masa Para Pizzas,MASAS Y PANADERÍA,321.2,8.2,62.5,4.0,2.8,0.0,455.0,38
Chocolate Blanco,CACAO Y CHOCOLATE,564.0,8.0,56.0,35.6,1.0,54.0,108.0,36
Lentejas,VEGETALES Y FRUTAS,333.3,21.7,60.0,1.0,10.7,2.0,12.0,35
Pan Dulce,MASAS Y PANADERÍA,332.5,6.8,53.8,8.9,1.9,21.2,150.0,35
Dulce De Sauco,CONFITURAS Y DULCES,247.5,0.0,62.9,0.0,3.0,60.0,0.0,34
Tapa Para Empanadas,PASTAS,323.3,6.7,46.7,10.0,2.0,0.0,262.9,33
Dulce De Frambuesa,CONFITURAS Y DULCES,260.0,0.0,65.0,0.0,1.5,65.0,0.0,33
Puré De Tomate,VEGETALES Y FRUTAS,28.3,1.3,5.2,0.0,1.0,4.2,36.7,32
Confitura De Frutilla,CONFITURAS Y DULCES,225.0,0.0,55.0,0.0,1.0,55.0,0.0,32
Aceitunas Negras En Salmuera,VEGETALES Y FRUTAS,165.0,0.0,3.5,15.0,3.8,2.0,1490.0,31
Miel De Abeja,CONFITURAS Y DULCES,325.0,0.4,80.5,0.0,0.0,80.0,4.0,31
Dulce De Frutilla,CONFITURAS Y DULCES,260.0,0.0,65.0,0.0,0.0,65.0,0.0,31
Tapas Para Pascualina,MASAS Y PANADERÍA,340.0,6.7,50.0,11.0,2.0,0.0,400.0,30
Mermelada De Naranja,CONFITURAS Y DULCES,265.0,0.0,65.0,0.0,3.0,60.0,0.0,30
Tomates Pelados Perita Enteros Comunes,VEGETALES Y FRUTAS,19.6,1.0,3.5,0.0,0.9,2.8,14.6,30
Salsa Barbacoa,SALSAS Y ADEREZOS,132.1,0.0,31.2,0.0,0.8,25.0,1018.3,30
Mermelada De Tomate,CONFITURAS Y DULCES,260.0,0.0,65.0,0.0,1.0,60.0,3.0,29
Snack A Base De Papa Sabor Crema Y Cebolla,CEREALES Y HARINAS,504.0,5.6,56.0,28.4,5.2,2.4,652.0,29
Aceitunas Negras Tipo Griego,VEGETALES Y FRUTAS,400.0,2.5,19.5,29.5,8.8,1.5,2190.0,29
Jalea De Membrillo,CONFITURAS Y DULCES,280.0,0.0,70.0,0.0,0.5,51.0,0.0,28
Azúcar Común Tipo A,AZÚCARES Y EDULCORANTES,400.0,0.0,100.0,0.0,0.0,100.0,0.0,28
Chupetin De Goma Fantasia Sabor A Vainilla,CARAMELOS Y GOLOSINAS,342.1,2.6,82.7,0.0,0.0,66.7,40.0,28
Mermelada De Frambuesa,CONFITURAS Y DULCES,237.5,0.0,60.0,0.0,3.0,60.0,0.0,28
Salame,CARNES Y CHACINADOS,320.0,19.8,3.5,24.5,0.0,0.0,1120.0,27
Fecula De Mandioca,CEREALES Y HARINAS,340.0,0.8,85.0,0.0,0.0,0.0,0.0,26
Garbanzos,VEGETALES Y FRUTAS,338.3,20.0,59.2,6.0,12.2,10.7,23.3,26
Mermelada De Higo,CONFITURAS Y DULCES,265.0,0.0,65.0,0.0,2.0,60.0,0.0,26
Helado De Agua Sabor Frutilla,HELADOS,93.3,0.0,23.3,0.0,0.0,20.0,0.0,26
Helado De Leche Sabor Vainilla,HELADOS,138.3,3.3,23.3,3.6,0.0,21.7,46.4,26
Ananás En Rodajas Comunes,VEGETALES Y FRUTAS,83.9,0.0,20.4,0.0,0.7,18.6,0.0,26
Champiñones Enteros,HONGOS,23.0,2.2,3.0,0.5,1.6,0.0,300.0,26
Champiñones En Trozos,HONGOS,24.0,2.0,3.0,0.3,1.6,0.0,315.0,26
Chocolates Surtidos,CACAO Y CHOCOLATE,537.7,8.0,52.0,32.4,2.8,46.0,100.0,26
Miel De Abejas,CONFITURAS Y DULCES,330.0,0.3,80.0,0.0,0.0,80.0,0.0,26
Dulce De Rosa Mosqueta,CONFITURAS Y DULCES,260.0,0.0,65.0,0.0,2.8,55.0,0.0,26
Higos En Almibar,CONFITURAS Y DULCES,260.0,0.2,65.0,0.0,2.0,57.5,0.0,25
Aderezo A Base De Aceitunas Verdes,SALSAS Y ADEREZOS,175.0,0.0,5.8,16.7,0.0,0.0,1183.3,25
Corazones De Alcauciles En Conserva,VEGETALES Y FRUTAS,26.0,2.4,2.6,0.0,1.6,1.8,370.0,25
Pan Con Grasa,MASAS Y PANADERÍA,300.0,6.2,50.0,6.7,1.8,3.8,464.0,25
Prepizza,MASAS Y PANADERÍA,246.7,6.5,45.0,5.2,2.0,0.0,396.7,25
Aceto Balsamico,VINAGRES,117.7,0.0,24.5,0.0,0.0,23.1,15.6,24
Queso Graso De Mediana Humedad,QUESOS,368.3,25.2,0.0,29.7,0.0,0.7,742.4,24
Pizza Con Salsa De Tomate,MASAS Y PANADERÍA,255.0,6.9,47.6,3.2,2.2,0.8,505.0,24
Mermelada De Pera,CONFITURAS Y DULCES,265.0,0.0,65.0,0.0,0.0,65.0,0.0,24
Helado De Leche Sabor Frutilla,HELADOS,147.1,3.3,25.0,3.5,0.0,21.7,50.0,23
Grisines,MASAS Y PANADERÍA,363.3,8.7,65.0,8.2,2.7,1.2,436.7,23
Bondiola,CARNES Y CHACINADOS,301.0,22.5,1.8,22.5,0.0,0.0,1657.5,23
Galletitas Saladas,GALLETITAS Y BARRAS,440.0,10.0,66.7,15.3,2.7,7.9,680.0,23
Snack A Base De Papa Sabor Queso Cheddar,CEREALES Y HARINAS,504.0,6.4,56.0,26.8,5.6,2.8,716.0,23
Queso Cremoso,QUESOS,310.0,19.7,2.0,25.0,0.0,0.5,395.0,23
Poroto Negro,VEGETALES Y FRUTAS,281.7,21.7,55.0,1.2,15.5,0.0,0.0,23
Chorizos Frescos,CARNES Y CHACINADOS,273.8,15.6,6.0,20.0,2.2,0.9,656.0,23
Dulce De Alcayota,CONFITURAS Y DULCES,275.0,0.4,67.0,0.0,0.5,63.5,16.4,23
Lentejas Secas Remojadas,VEGETALES Y FRUTAS,88.1,7.3,16.1,0.6,4.9,0.0,31.5,22
Champignones Laminados,VEGETALES Y FRUTAS,12.0,2.0,1.6,0.4,1.9,0.0,250.0,22
Mermelada De Manzana,CONFITURAS Y DULCES,262.5,0.0,65.0,0.0,0.0,65.0,0.0,22
Queso Tybo,QUESOS,325.0,26.7,2.0,24.3,0.0,1.5,463.3,22
Granos De Choclo Amarillo Tipo Cremoso,VEGETALES Y FRUTAS,52.3,0.9,10.0,0.7,1.5,2.1,105.4,21
Aceitunas Negras En Rodajas En Salmuera,VEGETALES Y FRUTAS,190.0,1.0,5.0,15.0,3.0,0.0,1635.0,21
Azucar Rubio,AZÚCARES Y EDULCORANTES,400.0,0.1,100.0,0.0,0.0,100.0,0.0,21
Helado De Leche Sabor Dulce De Leche,HELADOS,156.7,3.7,26.7,3.8,1.4,20.0,50.0,21
Jardinera De Hortalizas Y Legumbres,VEGETALES Y FRUTAS,59.2,4.4,9.2,0.4,4.2,2.8,56.9,21
Caramelos Masticables Sabores Surtidos,CARAMELOS Y GOLOSINAS,390.0,0.0,90.0,3.0,0.0,73.2,25.0,21
Chocolate Semiamargo,CACAO Y CHOCOLATE,532.0,6.4,52.0,33.2,8.0,48.0,0.0,21
Masa Para Pizza,MASAS Y PANADERÍA,277.5,6.8,50.0,4.0,2.3,0.9,500.0,21
Garbanzos Secos Remojados,VEGETALES Y FRUTAS,83.1,5.8,12.3,1.3,6.8,0.8,27.7,20
Ajies En Vinagre De Alcohol,VEGETALES Y FRUTAS,16.0,0.8,2.7,0.0,1.6,2.6,794.0,20
Tapa Para Pascualina,PASTAS,333.3,6.6,46.7,12.7,2.0,0.0,328.3,20
Fórmula Láctea Para Lactantes En Polvo,SUPLEMENTOS Y DIETÉTICOS,506.5,10.3,53.2,25.9,0.8,8.0,154.5,20
Papas Fritas,VEGETALES Y FRUTAS,530.0,6.4,54.8,33.2,4.4,0.8,510.0,20
Salsa De Soja,SALSAS Y ADEREZOS,63.3,7.3,8.7,0.0,0.0,8.3,5326.7,20
Queso Gouda,QUESOS,386.7,25.3,0.0,31.2,0.0,0.0,690.0,20
Poroto Alubia,VEGETALES Y FRUTAS,336.7,21.7,58.3,1.4,16.0,0.0,0.0,19
Helado De Agua Sabor Uva,HELADOS,93.3,0.0,23.3,1.4,0.0,20.0,0.0,19
Galletitas Dulces,GALLETITAS Y BARRAS,440.0,7.9,70.0,13.0,2.0,22.7,320.0,19
Aceite De Oliva,ACEITES Y GRASAS,830.8,0.0,0.0,92.3,0.0,0.0,0.0,19
Mayonesa,SALSAS Y ADEREZOS,691.7,0.8,4.2,76.7,0.8,0.4,550.0,19
Pastillas Sabores Surtidos,CARAMELOS Y GOLOSINAS,365.0,6.5,90.0,,0.0,80.0,36.0,19
Porotos Alubia,VEGETALES Y FRUTAS,335.0,21.7,61.7,0.8,15.0,2.2,0.0,19
Pan De Molde,MASAS Y PANADERÍA,278.0,7.2,52.0,4.0,2.2,4.0,290.0,19
Pan Frances,MASAS Y PANADERÍA,260.0,8.0,52.0,1.6,2.0,0.0,454.0,19
Confitura De Sauco,CONFITURAS Y DULCES,260.0,0.5,60.0,0.0,4.0,56.0,0.0,19
Porotos Alubia Secos Remojados,VEGETALES Y FRUTAS,93.8,6.5,14.6,0.5,5.3,0.8,66.2,18
Ananás En Trozos Comunes,VEGETALES Y FRUTAS,78.9,0.2,19.6,0.2,0.7,17.9,0.0,18
Pasta De Semola De Trigo Duro,PASTAS,351.9,12.5,71.2,1.2,3.0,3.2,0.0,18
Snack A Base De Papa Sabor Barbacoa,CEREALES Y HARINAS,508.0,5.4,56.0,28.4,5.6,2.8,748.0,18
Yerba Mate Elaborada Despalada,TÉ E INFUSIONES,43.0,1.6,9.5,0.0,0.6,0.0,14.0,18
Tomate Pelado Cubeteado,VEGETALES Y FRUTAS,25.0,1.2,4.0,0.0,1.2,3.5,16.9,18
Pastillas De Goma Fantasia Sabores Surtidos,CARAMELOS Y GOLOSINAS,340.0,6.2,79.5,0.0,0.0,59.1,37.5,18
Helado De Agua De Frutilla,HELADOS,111.7,0.2,28.0,0.2,0.3,24.4,0.0,18
Fideos Secos Semolados Con Curcuma,PASTAS,352.5,12.0,75.0,,3.1,,0.0,18
Helado De Crema Sabor Vainilla,HELADOS,186.7,3.5,25.0,7.5,0.0,24.2,43.3,17
Helado De Agua Sabor Naranja,HELADOS,100.0,0.0,23.3,0.2,0.0,21.6,0.0,17
Alimento Para Propósitos Médicos Específicos Líquido,SUPLEMENTOS Y DIETÉTICOS,136.0,7.0,14.5,5.6,1.0,6.0,106.0,17
Alimento Para Propósitos Médicos Específicos En Polvo,SUPLEMENTOS Y DIETÉTICOS,306.0,34.8,7.3,2.6,0.0,0.8,218.8,17
Brocoli Supercongelado,VEGETALES Y FRUTAS,28.0,3.0,2.0,0.4,3.0,1.7,12.0,17
Galletitas,GALLETITAS Y BARRAS,436.7,10.0,66.7,14.0,2.5,2.4,626.7,17
Confitura De Durazno,CONFITURAS Y DULCES,230.0,0.0,55.0,0.0,1.0,55.0,0.0,17
Suplemento Dietario En Polvo Dietetico Para Preparar Bebida A Base De Proteinas,SUPLEMENTOS Y DIETÉTICOS,392.9,71.6,11.8,5.0,3.2,,371.4,17
Mermelada De Cereza,CONFITURAS Y DULCES,265.0,0.0,65.0,0.0,0.0,65.0,0.0,17
Galletitas Crackers,GALLETITAS Y BARRAS,423.3,11.0,66.7,12.0,2.7,3.7,510.0,17
Poroto Colorado,VEGETALES Y FRUTAS,331.7,21.7,56.7,1.1,15.2,0.0,0.0,17
Azucar Comun Tipo ´A´,AZÚCARES Y EDULCORANTES,400.0,0.0,100.0,0.0,0.0,100.0,0.0,17
Confitura De Rosa Mosqueta,CONFITURAS Y DULCES,240.0,0.5,60.0,0.0,10.8,56.5,0.0,17
Queso Sardo,QUESOS,400.0,29.0,3.0,30.0,0.0,1.7,833.3,17
Masa Congelada Para Pan,MASAS Y PANADERÍA,276.9,7.7,46.0,6.2,,4.6,488.0,17
Helado De Crema Sabor Chocolate,HELADOS,175.0,3.3,25.0,6.5,0.2,24.3,46.8,16
Helado De Agua Sabor Limón,HELADOS,96.7,0.5,24.2,0.8,0.0,20.0,0.0,16
Helado De Agua Sabor Limon,HELADOS,105.0,0.0,25.0,0.0,0.0,22.5,0.1,16
Bebida Analcoholica Con Cafeina Y Taurina,SUPLEMENTOS Y DIETÉTICOS,44.8,,10.8,,,10.8,41.2,16
Leche Uat Entera,LÁCTEOS,61.0,3.3,4.8,3.2,,4.8,50.0,16
Caramelos Duros Sabores Surtidos,CARAMELOS Y GOLOSINAS,390.0,0.0,95.0,0.0,0.0,70.0,0.0,16
Confitura De Cereza,CONFITURAS Y DULCES,225.0,0.5,55.0,0.0,1.5,53.0,0.0,16
Bombones Rellenos Surtidos,CACAO Y CHOCOLATE,506.3,6.2,51.9,31.2,4.0,46.2,57.3,16
Chupetín De Caramelo Duro Ácido Sabor A Frutilla,CARAMELOS Y GOLOSINAS,400.0,0.0,100.0,0.0,0.0,72.7,22.7,16
Bombones Surtidos,CACAO Y CHOCOLATE,491.5,6.0,54.4,26.9,1.7,53.2,93.0,16
Maiz Pisado Blanco,CEREALES Y HARINAS,334.0,8.0,74.0,2.0,2.6,0.0,0.0,16
Dulce De Cayote,CONFITURAS Y DULCES,250.0,0.0,62.5,0.0,1.0,56.0,0.0,16
Helado De Crema De Chocolate,HELADOS,193.3,3.8,25.0,8.2,1.2,23.3,44.2,16
Helado De Crema De Dulce De Leche,HELADOS,185.0,4.0,25.5,6.8,0.2,26.7,58.3,16
Dulce De Cereza,CONFITURAS Y DULCES,255.0,0.0,63.5,0.0,0.0,55.0,0.0,16
Zapallo En Almibar,CONFITURAS Y DULCES,262.9,0.0,65.0,0.0,1.5,62.0,0.0,15
Arroz Pulido Tipo Largo Fino Calidad 00000,CEREALES Y HARINAS,344.0,6.8,80.0,0.0,1.8,1.5,0.0,15
Queso De Crema,QUESOS,330.0,6.3,3.3,33.3,0.2,3.0,393.3,15
Alimento Para Propósitos Médicos Específicos,SUPLEMENTOS Y DIETÉTICOS,413.3,15.3,51.1,15.3,0.0,4.3,259.3,15
Leche Uat Descremada,LÁCTEOS,34.0,3.4,5.0,0.3,,5.0,44.5,15
Harina De Trigo Tipo 00,CEREALES Y HARINAS,348.0,12.0,72.0,2.0,2.4,1.0,0.0,15
Confitura De Arandanos,CONFITURAS Y DULCES,255.0,0.0,56.5,0.0,0.8,55.0,0.0,15
Confitura De Damasco,CONFITURAS Y DULCES,230.0,0.0,55.0,0.0,0.5,55.0,0.0,15
Queso Semigraso De Baja Humedad,QUESOS,396.7,32.0,0.0,30.0,0.0,1.0,580.0,15
"Alimento Para Propósitos Médicos Específicos Líquido, Nutricionalmente Completo",SUPLEMENTOS Y DIETÉTICOS,150.0,6.0,19.0,5.0,2.0,1.9,100.0,15
Berenjenas En Escabeche,VEGETALES Y FRUTAS,132.0,1.2,6.0,11.8,2.4,3.2,326.0,15
Dulce De Ciruela,CONFITURAS Y DULCES,250.0,0.0,65.0,0.0,0.0,60.0,0.0,15
Dulce De Zarzamora,CONFITURAS Y DULCES,265.0,0.0,65.0,0.0,2.5,65.0,0.0,15
Pickles Mixtos En Vinagre De Alcohol,VEGETALES Y FRUTAS,29.0,0.0,6.0,0.0,0.0,0.0,1180.0,14
Porotos Negros,VEGETALES Y FRUTAS,276.7,21.7,56.7,1.2,15.3,2.1,0.0,14
Coco Rallado,VEGETALES Y FRUTAS,633.3,7.5,13.3,61.7,10.0,17.9,0.0,14
Masa Precocida Para Pizza,MASAS Y PANADERÍA,283.8,7.1,57.9,2.5,1.5,0.1,535.0,14
Helado De Leche Sabor Americana,HELADOS,140.0,3.4,24.2,4.3,0.0,21.7,51.7,14
Helado De Leche Sabor Chocolate,HELADOS,150.3,3.9,24.7,4.0,1.7,20.8,52.5,14
Pan Lactal,MASAS Y PANADERÍA,343.0,8.9,66.0,4.4,2.8,4.8,394.3,14
Panceta Salada,CARNES Y CHACINADOS,385.0,18.1,7.5,34.0,0.0,0.0,1988.8,14
Aceite De Coco,ACEITES Y GRASAS,888.5,0.4,0.0,100.0,0.0,0.0,0.0,14
Pasta Seca De Semola De Trigo Duro,PASTAS,355.0,12.5,72.5,1.5,2.9,3.0,0.0,14
Arvejas Supercongeladas,VEGETALES Y FRUTAS,78.4,5.7,9.5,1.3,5.1,2.8,10.5,14
Pan Blanco,MASAS Y PANADERÍA,260.0,7.7,49.0,4.0,2.0,2.4,392.0,14
Queso Azul,QUESOS,351.7,20.5,0.7,30.0,0.0,0.5,1096.7,14
Concentrado Doble De Tomates,VEGETALES Y FRUTAS,103.3,4.0,21.3,0.0,4.0,13.3,180.0,14
Chocolate Con Leche Con Almendras,CACAO Y CHOCOLATE,560.0,11.6,44.0,36.0,4.0,39.0,90.0,14
Maiz Pisingallo,CEREALES Y HARINAS,336.0,9.9,64.0,3.6,9.6,0.0,0.0,14
Frambuesas Pasteurizadas,VEGETALES Y FRUTAS,68.6,0.6,16.4,0.2,2.7,15.7,0.0,14
Dulce De Mosqueta,CONFITURAS Y DULCES,270.0,0.0,65.0,0.0,0.0,65.0,0.0,14
Queso Mozzarella,QUESOS,323.3,25.0,2.0,23.7,0.0,2.0,533.3,14
Aderezo A Base De Aceitunas Negras,SALSAS Y ADEREZOS,250.0,0.0,5.0,25.0,0.0,0.0,900.0,13
Quinotos En Almibar,CONFITURAS Y DULCES,245.0,0.0,60.0,0.0,1.6,55.0,0.0,13
Helado De Crema Sabor Dulce De Leche,HELADOS,205.0,3.6,26.7,8.2,0.0,26.7,101.7,13
Chorizo Fresco De Cerdo,CARNES Y CHACINADOS,296.0,16.0,3.0,22.0,0.0,0.0,696.0,13
Aceitunas Verdes Rellenas Con Pimiento Morron En Salmuera,VEGETALES Y FRUTAS,110.0,0.2,3.3,10.0,0.5,0.0,1890.0,13
Aderezo A Base De Mostaza,SALSAS Y ADEREZOS,66.7,4.2,10.8,4.2,5.8,9.1,1191.7,13
Salsa A Base De Tomates Con Vegetales Y Especias,SALSAS Y ADEREZOS,50.0,1.0,5.8,2.2,4.3,3.2,315.0,13
"Suplemento Dietario Dietetico A Base De Proteinas, En Polvo, Para Personas Que Realizan Ejercicio Físico, Sabor Chocolate",SUPLEMENTOS Y DIETÉTICOS,384.9,72.7,9.9,4.9,1.3,5.0,421.1,13
"Suplemento Dietario Dietetico A Base De Proteinas, En Polvo, Para Personas Que Realizan Ejercicio Físico, Sabor Vainilla",SUPLEMENTOS Y DIETÉTICOS,381.8,73.3,12.9,5.0,0.0,3.3,266.7,13
Galletitas Dulces Sabor Vainilla,GALLETITAS Y BARRAS,430.0,6.3,73.3,11.7,1.7,20.7,190.0,13
Chucrut,VEGETALES Y FRUTAS,16.0,1.6,3.4,0.0,2.2,2.4,652.0,13
Confitura De Zarzamora,CONFITURAS Y DULCES,225.0,1.0,55.0,0.0,3.2,55.0,0.0,13
Mermelada De Arandanos,CONFITURAS Y DULCES,250.0,0.0,60.0,0.0,0.5,60.0,0.0,13
Pan Integral,MASAS Y PANADERÍA,253.8,8.7,50.0,4.0,6.6,3.0,298.0,13
Masa Congelada A Base De Fécula De Mandioca Y Queso,MASAS Y PANADERÍA,324.0,6.0,36.0,15.6,0.2,1.0,486.0,13
Dulce De Calafate,CONFITURAS Y DULCES,250.0,0.0,60.0,0.0,0.0,62.5,0.0,13
Miel Cremosa,CONFITURAS Y DULCES,320.0,0.4,80.0,0.0,0.0,79.5,0.0,13
Alimento A Base De Almidones Libre De Gluten,MASAS Y PANADERÍA,380.0,2.4,74.0,9.0,2.6,7.4,290.0,13
Helado De Crema Sabor Frutilla,HELADOS,171.7,2.8,25.8,6.6,0.0,25.0,48.3,12
Helado De Crema Sabor Americana,HELADOS,185.8,3.5,26.7,7.7,0.0,23.3,58.3,12
Champiñones Laminados,HONGOS,20.0,2.1,4.6,0.0,1.6,,250.0,12
Papas Prefritas Congeladas,VEGETALES Y FRUTAS,130.0,2.4,22.4,3.9,2.5,0.0,40.0,12
Confitura De Naranja,CONFITURAS Y DULCES,235.0,0.0,57.5,0.0,0.0,55.0,0.0,12
Chupetines De Caramelo Duro Sabores Surtidos,CARAMELOS Y GOLOSINAS,386.7,0.0,94.2,0.0,0.0,83.3,0.0,12
Confitura De Arándanos,CONFITURAS Y DULCES,225.0,0.2,55.0,0.0,1.2,52.5,0.0,12
Bombones De Chocolate Surtidos,CACAO Y CHOCOLATE,483.9,6.9,47.4,29.9,3.2,40.4,84.2,12
Manies Garrapiñados,VEGETALES Y FRUTAS,559.7,21.5,34.5,39.6,6.2,48.0,335.7,12
Helado De Agua De Limon,HELADOS,118.9,0.3,30.8,0.3,0.6,26.7,0.0,12
Aceite Comestible Mezcla,ACEITES Y GRASAS,830.8,0.0,0.0,92.3,0.0,0.0,0.0,12
Garbanzo,VEGETALES Y FRUTAS,336.7,20.0,49.2,5.8,15.4,0.0,11.7,12
Azucar Blanco Refinado,AZÚCARES Y EDULCORANTES,400.0,0.0,100.0,0.0,0.0,100.0,0.0,12
Helado De Crema De Frutilla,HELADOS,165.8,2.9,22.5,6.7,0.5,20.5,45.8,12
Mezcla De Frutos Secos,VEGETALES Y FRUTAS,568.0,16.8,19.0,49.5,7.0,12.7,5.0,12
Dulce De Leche Repostero,CONFITURAS Y DULCES,320.0,7.5,55.0,7.2,0.0,55.0,120.0,12
Aderezo A Base De Vinagre De Vino Con Mosto De Uva,SALSAS Y ADEREZOS,125.0,0.0,29.3,0.0,0.0,23.1,83.3,12
Aceitunas Negras Tipo Griego En Aceite De Girasol,VEGETALES Y FRUTAS,330.0,2.5,43.5,17.5,3.5,3.0,1765.0,11
Porotos Colorados,VEGETALES Y FRUTAS,333.3,20.0,61.0,1.2,15.2,2.2,0.0,11
Granos De Choclo Amarillos Enteros,VEGETALES Y FRUTAS,73.1,2.4,13.1,1.4,2.4,3.5,213.8,11
Aceitunas Negras Descarozadas En Salmuera,VEGETALES Y FRUTAS,190.0,0.0,4.2,14.0,3.0,9.8,1635.0,11
Semillas De Lino,SEMILLAS Y FRUTOS SECOS,460.0,18.0,28.7,34.7,26.0,0.0,0.0,11
Tapas Para Pastelitos,MASAS Y PANADERÍA,323.3,6.7,56.7,9.0,1.7,0.0,373.3,11
Pan De Sandwich Con Salvado,MASAS Y PANADERÍA,334.0,9.0,68.0,3.2,4.4,0.0,292.0,11
Pan Francés,MASAS Y PANADERÍA,282.0,8.0,60.0,1.3,1.8,0.0,406.0,11
Alimento Para Propositos Medicos Especificos En Polvo,SUPLEMENTOS Y DIETÉTICOS,304.0,13.5,16.0,4.6,0.0,4.2,169.0,11
Chocolate Semiamargo Con Leche,CACAO Y CHOCOLATE,544.0,7.2,55.0,32.8,2.4,51.5,100.0,11
Aceto Balsámico,VINAGRES,98.0,0.0,19.0,0.0,0.0,20.0,45.3,11
Ginger Ale,BEBIDAS ANALCOHÓLICAS,34.0,0.0,8.5,0.0,0.0,8.3,0.0,11
Almidon De Maiz,CEREALES Y HARINAS,360.0,0.0,90.0,0.0,0.2,0.0,0.0,11
Duraznos Amarillos En Mitades Comunes Dieteticos Bajas Calorias,SUPLEMENTOS Y DIETÉTICOS,27.1,0.5,6.0,0.0,0.6,4.5,11.4,11
Mermelada De Mora,CONFITURAS Y DULCES,215.0,0.0,55.0,0.0,3.0,51.2,0.0,11
Pescado Congelado De Cultivo,CONSERVAS DE PESCADO Y MAR,216.7,18.3,2.2,15.0,,,53.3,11
Salchicha Fresca,CARNES Y CHACINADOS,254.0,17.0,0.6,20.0,0.1,0.0,668.0,11
Salamin,CARNES Y CHACINADOS,362.5,20.0,3.0,27.5,1.5,0.0,1125.0,11
Helado De Agua De Frambuesa,HELADOS,113.3,0.2,28.3,0.2,1.1,25.0,1.4,11
Confitura De Guinda,CONFITURAS Y DULCES,240.0,1.0,60.0,0.0,1.2,60.0,0.0,11
Dulce De Arandano,CONFITURAS Y DULCES,260.0,0.0,65.0,0.0,0.0,65.0,0.0,11
Embutido Fresco De Pollo,CARNES Y CHACINADOS,384.0,8.4,3.6,20.0,,,396.0,11
Mermelada De Alcayota,CONFITURAS Y DULCES,265.0,0.0,65.0,0.0,1.5,65.0,0.0,11
Aderezo A Base De Vinagre De Vino Con Mosto De Uva Concentrado,SALSAS Y ADEREZOS,275.0,,67.5,,,66.7,54.2,11
Pastillas De Goma Fantasia Sabor A Frutilla,CARAMELOS Y GOLOSINAS,324.2,4.2,75.0,0.0,0.0,51.7,35.0,10
Chimichurri,SALSAS Y ADEREZOS,160.0,1.2,6.7,14.0,0.0,1.1,646.7,10
Cebollitas En Vinagre De Alcohol,VEGETALES Y FRUTAS,20.0,0.0,3.6,0.0,1.7,4.3,754.0,10
Mermelada De Arandano,CONFITURAS Y DULCES,250.0,,60.0,,2.0,60.0,0.0,10
Semillas De Chia,SEMILLAS Y FRUTOS SECOS,501.7,16.7,41.0,30.7,34.7,0.0,0.0,10
Aceite De Girasol,ACEITES Y GRASAS,830.8,0.0,0.0,92.3,0.0,0.0,0.0,10
Chipa Crudo Congelado,MASAS Y PANADERÍA,306.0,7.1,44.0,10.5,0.0,0.7,801.0,10
Alfajor Relleno De Dulce De Leche Con Baño De Repostería Semiamargo,GALLETITAS Y BARRAS,420.0,5.9,58.8,18.1,2.2,38.3,110.0,10
Tostadas Dulces,MASAS Y PANADERÍA,355.0,7.7,66.7,6.0,2.3,10.3,10.0,10
Helado De Leche Sabor Banana,HELADOS,134.2,2.9,23.3,3.6,,20.8,41.7,10
Queso De Cerdo,CARNES Y CHACINADOS,282.5,16.4,8.8,18.0,0.2,0.0,714.5,10
Panettone,MASAS Y PANADERÍA,347.5,6.5,51.9,12.7,2.2,21.9,154.4,10
Pastillas De Goma Fantasía Sabores Surtidos,CARAMELOS Y GOLOSINAS,320.0,6.8,72.9,0.0,0.0,50.0,30.0,10
"Alimento Para Propósitos Médicos Específicos, Líquido",SUPLEMENTOS Y DIETÉTICOS,148.5,9.6,12.5,6.7,1.5,5.8,58.8,10
Espinaca Supercongelada,VEGETALES Y FRUTAS,23.4,2.8,1.6,0.7,2.7,0.7,74.0,10
"Comida Preparada A Base De Palmitos, Vegetales Y Especias, En Conserva",COMIDAS PREPARADAS,104.0,3.1,11.0,5.3,1.9,1.6,420.0,10
Manteca Extra Sin Sal,ACEITES Y GRASAS,760.0,,,84.0,,0.0,0.0,10
Chupetin De Caramelo Duro Sabor A Frutilla,CARAMELOS Y GOLOSINAS,397.9,0.0,93.1,0.0,0.0,63.6,0.0,10
Queso Cheddar,QUESOS,403.0,25.0,3.0,33.3,0.0,0.8,656.4,10
Snack Sabor A Queso,CEREALES Y HARINAS,482.8,7.6,65.5,21.6,2.0,9.1,524.1,10
Harina De Maiz Para Preparar Polenta,CEREALES Y HARINAS,347.0,7.3,75.3,1.8,4.1,0.0,6.2,10
Chocolate Amargo Con Almendras,CACAO Y CHOCOLATE,564.0,12.0,38.8,40.0,9.5,24.0,4.0,10
Arroz Blanco Tipo Largo Fino Calidad 00000,CEREALES Y HARINAS,348.0,7.0,79.5,0.3,1.8,0.0,0.0,10
Queso Cheddar En Fetas,QUESOS,396.0,23.8,,32.0,0.0,,608.0,10
Queso Muzzarella,QUESOS,356.7,26.3,2.7,26.0,0.0,0.0,503.3,10
Coctel De Cinco Frutas Grado Comun En Jarabe Diluido,VEGETALES Y FRUTAS,62.9,0.4,15.0,0.0,1.1,12.9,5.0,10
"Salsa Agridulce A Base De Tomate, Vinagre De Alcohol Y Especias Con Sabor A Humo",SALSAS Y ADEREZOS,166.7,0.8,39.6,,0.8,33.3,975.0,10
Milanesa De Pollo,CARNES Y CHACINADOS,162.7,16.7,19.2,3.0,0.6,0.0,580.0,10
Lenteja,VEGETALES Y FRUTAS,290.8,23.3,49.2,1.0,16.2,0.0,12.1,10
Trigo Pelado,CEREALES Y HARINAS,332.0,12.0,68.0,1.6,6.4,0.0,0.0,10
Maiz,CEREALES Y HARINAS,358.0,8.2,74.0,4.1,4.9,0.0,0.0,10
Dulce De Batata,CONFITURAS Y DULCES,251.2,0.0,60.0,0.0,1.8,40.0,10.0,10
Alfajor Relleno De Dulce De Leche Con Cobertura De Chocolate Blanco,ALFAJORES,408.1,6.2,58.3,15.0,1.5,35.0,123.3,10
Helado De Dulce De Leche,HELADOS,199.2,4.7,27.3,5.2,0.0,34.2,103.3,10
Mermelada De Sauco,CONFITURAS Y DULCES,215.0,0.0,55.0,0.0,3.0,55.0,0.0,10
Alfajor Relleno De Dulce De Leche Con Cobertura De Chocolate Semiamargo,GALLETITAS Y BARRAS,392.0,6.4,56.7,15.5,1.6,43.3,146.2,10
Dulce De Guinda,CONFITURAS Y DULCES,255.0,0.0,65.0,0.0,0.0,62.5,0.0,10
Pan De Molde Con Salvado,MASAS Y PANADERÍA,310.0,8.0,54.0,3.9,4.6,4.4,326.0,10
Harina De Trigo 000,CEREALES Y HARINAS,349.4,11.8,72.0,1.3,3.5,,1.1,10
Queso Criollo,QUESOS,341.7,23.7,3.3,27.0,0.0,3.3,475.0,10
Mermelada De Uva,CONFITURAS Y DULCES,267.5,0.0,65.0,0.0,1.0,65.0,0.0,10
Pan De Hamburguesa,MASAS Y PANADERÍA,322.0,8.8,56.0,4.7,3.4,7.2,383.0,10
Dulce De Manzana,CONFITURAS Y DULCES,260.0,0.0,65.0,0.0,0.8,61.0,0.0,9
"Alfajor Relleno Con Dulce De Leche, Cubierto Con Baño De Reposteria Semiamargo",GALLETITAS Y BARRAS,376.3,5.5,58.5,13.2,1.9,50.0,104.6,9
Cafe Tostado Molido,CAFÉ Y SUCEDÁNEOS,285.7,10.4,28.6,15.4,,,74.0,9
Pastas Frescas - Ñoquis,PASTAS,163.0,5.0,36.0,0.9,1.8,0.1,350.0,9
Snacks Galletas,GALLETITAS Y BARRAS,442.9,10.0,70.0,12.5,3.3,9.3,680.0,9
Arroz Aromatico,CEREALES Y HARINAS,350.0,7.2,80.0,0.2,2.4,0.0,0.0,9
Jugo De Naranja Pasteurizado,JUGOS,46.5,1.0,11.0,0.0,0.0,8.5,0.0,9
Arroz Blanco Tipo Largo Fino Calidad 0000,CEREALES Y HARINAS,346.0,6.8,79.0,38.9,1.7,1.0,0.0,9
Pastillas De Goma Fantasía Sabor Frutilla,CARAMELOS Y GOLOSINAS,280.0,5.0,65.0,0.0,0.0,60.6,10.0,9
Leche Condensada Azucarada,LÁCTEOS,325.0,7.0,55.0,8.0,0.0,55.0,130.0,9
Alimento Para Propósitos Médicos Específicos En Polvo Para Lactantes,SUPLEMENTOS Y DIETÉTICOS,76.0,1.9,8.0,4.0,0.7,3.8,39.0,9
Conserva De Palmitos,VEGETALES Y FRUTAS,20.0,2.0,5.0,0.0,3.0,0.0,110.0,9
Turron Duro De Almendras,CARAMELOS Y GOLOSINAS,536.0,15.0,43.0,33.0,6.2,37.8,25.0,9
Chupetines De Caramelo Duro Ácido Sabores Surtidos,CARAMELOS Y GOLOSINAS,409.1,0.0,100.0,0.0,0.0,72.7,45.5,9
Queso Procesado Sabor Cheddar En Fetas,QUESOS,277.8,14.4,9.3,21.5,0.0,4.7,1551.8,9
"Snacks A Base De Papa, Con Aceite Vegetal Y Harina De Cereales",CEREALES Y HARINAS,524.3,4.0,56.0,32.4,2.8,0.5,429.3,9
Confitura De Cassis,CONFITURAS Y DULCES,220.0,1.0,55.0,0.5,0.0,54.5,0.0,9
Croquetas A Base De Papas Prefritas Supercongeladas,VEGETALES Y FRUTAS,168.0,2.6,22.4,8.1,2.5,1.1,340.0,9
Suplemento Dietario En Polvo Dietetico Para Preparar Bebida A Base De Proteínas,SUPLEMENTOS Y DIETÉTICOS,400.0,71.0,12.9,5.6,3.0,,266.7,9
Confitura De Grosella,CONFITURAS Y DULCES,240.0,0.8,60.0,0.0,2.5,60.0,0.0,9
Harina De Trigo Tipo 000,CEREALES Y HARINAS,350.0,10.0,74.0,1.5,2.8,1.4,4.4,9
Trigo Partido,CEREALES Y HARINAS,344.0,11.8,70.0,1.6,7.8,0.0,0.0,9
Helado De Agua De Naranja,HELADOS,100.0,1.0,25.0,0.0,,23.3,0.0,9
Helado De Agua De Limón,HELADOS,120.0,0.2,30.0,0.2,0.0,31.7,0.0,9
Poroto Mung,VEGETALES Y FRUTAS,346.7,23.3,63.0,1.2,16.3,6.5,15.0,9
Yerba Mate Elaborada Con Palo Con Bajo Contenido De Polvo,TÉ E INFUSIONES,88.0,1.6,19.6,,1.2,6.2,14.0,9
Longaniza,CARNES Y CHACINADOS,392.5,17.0,4.4,35.0,0.0,0.0,1070.0,9
Mermelada De Frutillas,CONFITURAS Y DULCES,250.0,0.0,65.0,0.0,0.0,62.5,0.0,9
Chocolate Blanco Con Almendras,CACAO Y CHOCOLATE,556.0,10.0,44.0,36.0,2.0,44.0,92.0,9
Poroto Pallar,VEGETALES Y FRUTAS,308.3,21.7,50.0,1.7,15.2,1.0,16.7,9
Comidas Preparadas Congeladas,COMIDAS PREPARADAS,192.0,5.7,21.3,8.3,1.0,,347.7,9
Pizza Con Tomate,MASAS Y PANADERÍA,270.0,7.5,50.0,5.0,2.5,0.0,495.0,9
Mermelada De Ciruela Reducida En Calorias,CONFITURAS Y DULCES,140.0,0.0,35.0,0.0,0.0,26.0,0.0,9
Mermelada De Durazno Reducida En Calorias,CONFITURAS Y DULCES,135.0,0.0,34.0,0.0,0.0,25.0,0.0,9
Mermelada De Frutilla Reducida En Calorias,CONFITURAS Y DULCES,125.0,0.0,30.5,0.0,0.0,25.0,0.0,9
Confitura De Calafate,CONFITURAS Y DULCES,230.0,1.5,60.0,0.0,1.5,60.0,0.0,9
Helado De Crema Americana,HELADOS,186.7,3.7,25.0,8.8,0.1,16.7,52.7,9
Dulce De Grosella,CONFITURAS Y DULCES,260.0,0.0,65.0,0.0,0.0,65.0,0.0,9
Queso Pategrás,QUESOS,363.3,26.0,1.5,29.0,0.0,1.2,490.0,9
Queso Por Salut,QUESOS,313.3,22.0,1.0,25.0,0.0,1.0,393.3,9
Pasas De Uva En Grano Sin Semilla Grado Elegido,VEGETALES Y FRUTAS,330.0,0.0,80.0,0.0,3.3,50.0,43.3,9
Duraznos Amarillos En Mitades Comunes Dietéticos Bajas Calorías,SUPLEMENTOS Y DIETÉTICOS,25.0,0.6,5.7,,0.6,4.7,10.7,9
Alfajores Surtidos,GALLETITAS Y BARRAS,395.7,6.0,55.4,16.9,1.8,38.3,88.3,9
Pastas Frescas - Fideos Tallarines Al Huevo,PASTAS,303.0,9.4,60.0,2.8,2.2,0.0,347.0,9
Aceite De Oliva Virgen Extra A Granel,ACEITES Y GRASAS,865.4,0.0,0.0,100.0,0.0,0.0,0.0,8
Pastillas De Goma Fantasía Sabor A Frutilla,CARAMELOS Y GOLOSINAS,319.9,5.9,76.9,,,50.0,55.1,8
Mermelada De Arándanos,CONFITURAS Y DULCES,225.0,0.2,55.0,0.0,3.0,55.0,0.0,8
Arroz Pulido Tipo Largo Fino Calidad 0000,CEREALES Y HARINAS,346.0,6.4,80.0,0.0,1.7,3.0,0.0,8
Helado De Agua Sabor Anana,HELADOS,88.4,0.5,22.1,0.5,,20.0,0.0,8
Pan De Sándwich,MASAS Y PANADERÍA,239.2,7.5,52.0,1.5,0.0,1.0,590.0,8
Chorizo A La Española,CARNES Y CHACINADOS,362.5,19.0,3.8,24.8,2.8,0.0,970.0,8
Mortadela,SIN CATEGORÍA,301.2,15.0,5.0,21.5,0.0,0.0,895.0,8
Jamón Crudo,CARNES Y CHACINADOS,217.5,24.8,3.8,11.1,0.0,0.0,2841.2,8
Agua Tonica,BEBIDAS ANALCOHÓLICAS,36.0,0.0,8.7,0.0,0.0,8.5,0.0,8
Cafe Tostado En Grano,CAFÉ Y SUCEDÁNEOS,335.9,10.4,42.8,13.7,9.7,0.0,74.0,8
Snacks A Base De Papa,VEGETALES Y FRUTAS,528.0,6.0,54.0,31.0,4.0,0.8,380.0,8
Queso De Leche De Oveja Graso De Baja Humedad,QUESOS,433.3,24.7,1.7,36.7,,1.0,715.0,8
Agua De Coco,VEGETALES Y FRUTAS,20.0,0.0,5.0,0.0,0.0,4.2,20.0,8
Arvejas Secas Remojadas Y Granos De Choclo Amarillo Enteros,VEGETALES Y FRUTAS,65.4,4.4,10.0,0.9,4.8,3.5,191.5,8
Concentrado Doble De Tomate,VEGETALES Y FRUTAS,56.7,3.7,10.3,,3.3,13.3,13.3,8
Acelga Supercongelada,VEGETALES Y FRUTAS,26.0,1.8,3.5,0.0,2.4,0.6,210.0,8
Pastillas Confitadas Sabores Surtidos,CARAMELOS Y GOLOSINAS,377.5,0.0,92.8,0.0,0.0,91.5,0.0,8
Alcaparras,VEGETALES Y FRUTAS,26.7,0.7,2.0,0.0,4.0,2.0,2673.3,8
Queso Parmesano,QUESOS,401.7,32.2,,30.5,,1.0,605.0,8
Queso Emmenthal,QUESOS,375.0,27.3,1.2,29.5,3.3,0.0,240.0,8
Galletitas Dulces Sabor Chocolate,GALLETITAS Y BARRAS,446.7,8.2,71.7,14.3,3.7,22.3,211.7,8
Queso Semigraso De Mediana Humedad,QUESOS,376.7,27.2,1.8,28.0,0.0,,536.7,8
Salsa A Base De Tomate Y Especias,SALSAS Y ADEREZOS,60.0,1.3,7.9,3.1,1.7,5.0,379.2,8
Galletitas Dulces Surtidas,GALLETITAS Y BARRAS,506.9,5.5,63.3,24.8,2.3,23.0,130.2,8
Caldo De Verduras Deshidratado,CALDOS Y SOPAS,316.5,0.0,47.3,23.2,0.0,10.1,13645.4,8
Mezcla De Arvejas Secas Remojadas Y Granos De Choclo Amarillo Enteros,VEGETALES Y FRUTAS,86.2,5.4,12.3,1.3,3.9,1.7,73.8,8
Pasta De Aceitunas Verdes,VEGETALES Y FRUTAS,210.0,1.5,4.0,21.5,3.0,0.5,1245.0,8
Agua Tónica,BEBIDAS ANALCOHÓLICAS,35.0,0.0,8.2,0.0,0.0,7.5,0.0,8
Duraznos Amarillos En Mitades Comunes En Jarabe Concentrado,VEGETALES Y FRUTAS,81.4,0.5,19.4,0.0,1.0,17.9,17.9,8
Crema De Leche Uat,LÁCTEOS,320.0,,4.0,35.3,,0.0,0.0,8
Chocolate Con Leche Con Avellanas,CACAO Y CHOCOLATE,560.0,9.2,48.0,37.2,3.8,44.0,70.0,8
Queso Brie,QUESOS,310.0,19.5,0.0,25.8,0.0,0.3,610.0,8
Pan Con Semillas,MASAS Y PANADERÍA,314.0,9.7,54.0,5.8,3.6,0.0,298.0,8
Fideos Secos Semolados,PASTAS,350.0,11.9,71.2,0.8,3.6,2.4,9.8,8
Chocolate Con Leche Y Chocolate Blanco,CACAO Y CHOCOLATE,556.0,7.3,56.0,33.3,0.8,56.0,96.7,8
Bizcochuelo,MASAS Y PANADERÍA,310.8,8.2,60.0,2.7,1.6,35.0,303.3,8
Pan Lacteado Con Salvado,MASAS Y PANADERÍA,241.0,7.2,44.0,3.6,3.0,4.6,406.0,8
Helado De Agua Sabor A Frutilla,HELADOS,87.3,0.0,21.8,0.0,0.0,20.0,0.0,8
Pasta De Aceitunas Negras,VEGETALES Y FRUTAS,217.5,0.8,3.2,22.2,1.5,0.5,1175.0,8
Tomate Deshidratado,VEGETALES Y FRUTAS,265.0,10.5,42.5,6.2,15.2,42.5,85.0,8
Maíz Pisado Blanco,CEREALES Y HARINAS,350.0,8.3,74.0,1.7,2.7,0.3,0.0,8
Chorizos Frescos De Cerdo,CARNES Y CHACINADOS,250.0,14.4,3.3,18.6,1.4,,581.0,8
Soja,VEGETALES Y FRUTAS,413.3,35.8,23.3,20.0,10.9,5.2,2.5,8
Jugo De Manzana Pasteurizado,JUGOS,47.0,0.0,11.8,0.0,0.7,11.5,5.8,8
Dulce De Mora,CONFITURAS Y DULCES,255.0,0.0,65.0,0.0,0.0,65.0,0.0,8
Dulce De Durazno,CONFITURAS Y DULCES,260.0,,65.0,,,65.0,0.0,8
Dulce De Cassis,CONFITURAS Y DULCES,235.0,0.0,60.0,0.0,4.0,60.0,0.0,8
Harina De Trigo 0000,CEREALES Y HARINAS,400.7,12.1,83.0,1.9,3.1,,4.0,8
Aceitunas Verdes En Rodajas En Salmuera Calidad Iii,VEGETALES Y FRUTAS,145.0,,5.0,13.5,3.5,,1972.5,8
Poroto,VEGETALES Y FRUTAS,330.8,21.7,60.0,1.3,25.0,2.3,0.0,8
Azucar Comun Tipo A - Libre De Gluten,AZÚCARES Y EDULCORANTES,400.0,0.0,100.0,0.0,0.0,100.0,0.0,8
Ajies Despuntados En Vinagre De Alcohol,VEGETALES Y FRUTAS,16.0,0.4,2.8,0.0,1.4,1.5,1400.0,7
Alfajor Relleno De Dulce De Leche Cubierto Con Baño De Reposteria Semiamargo,GALLETITAS Y BARRAS,415.0,6.7,66.9,16.7,1.3,37.5,97.0,7
Pepinillos En Vinagre De Alcohol,VEGETALES Y FRUTAS,20.0,1.0,3.2,0.0,1.2,3.3,566.0,7
Alfajor Relleno Con Dulce De Leche Cubierto Con Baño De Reposteria Fantasía Blanco,GALLETITAS Y BARRAS,376.3,5.5,57.9,13.2,1.8,35.6,105.3,7
Remolacha En Cubos,VEGETALES Y FRUTAS,36.9,1.6,7.3,0.0,2.5,4.5,263.9,7
Aceitunas Verdes Rellenas Con Pasta De Pimiento Morron En Salmuera,VEGETALES Y FRUTAS,160.0,0.5,3.5,16.0,1.5,0.5,2315.0,7
Semillas De Quinoa,SEMILLAS Y FRUTOS SECOS,346.7,13.3,66.7,5.8,6.0,6.0,0.0,7
Helado De Crema Sabor Pistacho,HELADOS,196.7,4.2,26.0,8.5,0.8,23.2,28.3,7
Pan Lactal Con Salvado,MASAS Y PANADERÍA,330.0,9.2,62.0,5.9,3.4,3.8,430.0,7
Helado De Agua Sabor Manzana,HELADOS,100.0,,25.0,,,23.3,0.0,7
Mermelada De Zapallo,CONFITURAS Y DULCES,235.0,0.8,65.0,0.0,0.5,55.0,0.0,7
Alimento Para Propósitos Médicos Específicos En Polvo Dietético,SUPLEMENTOS Y DIETÉTICOS,312.0,31.3,31.2,10.9,1.4,5.3,221.4,7
Galletitas Dulces Con Chips De Chocolate,GALLETITAS Y BARRAS,460.0,6.4,56.7,23.3,2.3,26.0,110.0,7
Snacks A Base De Papa Sabor Crema Y Cebolla,VEGETALES Y FRUTAS,540.0,6.0,56.0,32.0,3.4,3.2,644.0,7
Snacks A Base De Papa Sabor Queso Cheddar,VEGETALES Y FRUTAS,540.0,6.0,56.0,32.0,3.6,3.2,472.0,7
Turron De Alicante,REPOSTERÍA Y CONFITERÍA,535.0,15.0,42.0,33.0,5.0,40.0,0.0,7
Pasta De Sesamo,VEGETALES Y FRUTAS,645.0,24.2,13.3,53.3,5.3,0.0,0.0,7
Galletitas Dulces Con Relleno Sabor Frutilla,GALLETITAS Y BARRAS,470.0,6.7,76.7,16.0,2.0,36.7,240.0,7
Bombones De Chocolate Con Leche Rellenos,CACAO Y CHOCOLATE,556.0,4.8,54.0,34.8,2.2,45.8,110.0,7
Granos De Choclo Amarillo Entero,VEGETALES Y FRUTAS,65.4,2.8,12.3,1.7,1.6,2.1,53.9,7
Anana En Trozos Comunes,VEGETALES Y FRUTAS,83.6,1.0,20.7,0.0,0.7,17.9,0.0,7
Chicles Sabores Surtidos,CARAMELOS Y GOLOSINAS,361.7,,89.2,,,64.2,0.0,7
Arvejas Verdes Medianas,VEGETALES Y FRUTAS,68.5,5.4,10.0,0.8,5.7,1.7,200.0,7
Champiñones,VEGETALES Y FRUTAS,24.0,2.4,3.0,0.3,2.3,0.0,240.0,7
Manteca Extra Con Sal,ACEITES Y GRASAS,760.0,0.0,0.0,84.0,,0.0,770.0,7
Arroz Integral,CEREALES Y HARINAS,346.0,8.8,70.0,3.0,4.2,1.2,0.0,7
Confitura De Grosella Negra,CONFITURAS Y DULCES,225.0,0.0,55.0,0.0,2.8,55.0,0.0,7
Confitura De Moras,CONFITURAS Y DULCES,220.0,0.8,55.0,0.0,2.0,50.0,0.0,7
Queso Fundido,QUESOS,260.0,14.9,2.0,22.9,0.0,2.0,666.7,7
Caramelos Duros Sabor A Mentol Y Eucalipto,CARAMELOS Y GOLOSINAS,388.9,0.0,95.2,0.0,0.0,95.2,15.9,7
Alimento Para Propositos Medicos Especificos En Polvo Para Lactantes,SUPLEMENTOS Y DIETÉTICOS,482.3,7.5,51.1,24.8,0.0,4.6,191.5,7
Salsa A Base De Tomates,SALSAS Y ADEREZOS,31.7,1.3,6.7,0.0,1.8,4.7,283.3,7
Chupetin De Caramelo Duro Sabor A Uva,CARAMELOS Y GOLOSINAS,409.1,0.0,100.0,0.0,0.0,81.8,90.9,7
Harina Integral,CEREALES Y HARINAS,306.0,12.0,59.2,3.0,12.0,6.7,14.0,7
Champignones,VEGETALES Y FRUTAS,17.7,2.0,3.0,0.5,1.8,,300.0,7
"Snacks A Base De Papa, Con Aceite Vegetal Y Harina De Cereales, Sabor Crema Y Cebolla",CEREALES Y HARINAS,514.0,4.4,59.0,30.8,3.0,2.4,516.0,7
Harina De Maíz De Cocción Rápida Para Preparar Polenta,CEREALES Y HARINAS,354.0,8.4,77.4,1.2,4.4,,0.0,7
Suplemento Dietario En Polvo Dietético Para Preparar Bebida A Base De Proteínas,SUPLEMENTOS Y DIETÉTICOS,393.9,75.8,12.1,4.5,0.0,,328.6,7
Conserva De Garbanzos Secos Remojados,VEGETALES Y FRUTAS,110.8,6.3,17.7,1.6,4.9,0.4,201.5,7
Helado De Agua Sabor A Uva,HELADOS,88.0,0.0,21.7,0.0,0.0,20.0,0.0,7
Helado De Agua Sabor A Limon,HELADOS,86.7,0.0,21.7,0.0,0.0,22.8,0.0,7
Harinilla De Maiz,CEREALES Y HARINAS,336.0,8.0,74.0,0.6,4.6,0.0,0.0,7
Semola De Maiz Para Preparar Polenta,CEREALES Y HARINAS,344.0,8.0,78.0,0.0,4.5,0.0,0.0,7
Alfajor Relleno Con Dulce De Leche,GALLETITAS Y BARRAS,385.3,4.8,57.5,15.0,1.2,40.0,113.3,7
Pulpa De Tomates,VEGETALES Y FRUTAS,15.0,1.1,3.8,0.0,0.7,2.8,26.7,7
Trigo Candeal Pelado,CEREALES Y HARINAS,328.0,14.6,64.0,1.6,6.4,,0.0,7
Maiz Inflado Azucarado,CEREALES Y HARINAS,384.0,5.0,88.0,1.3,3.3,31.0,0.0,7
Galleta De Molde,MASAS Y PANADERÍA,373.3,8.3,56.7,12.7,3.3,2.0,573.3,7
Pastas Frescas Rellenas,PASTAS,248.0,8.1,41.0,6.1,1.2,0.0,403.0,7
Queso Cuartirolo,QUESOS,286.7,21.0,3.0,21.0,0.0,0.8,393.3,7
Jamon Crudo,CARNES Y CHACINADOS,335.0,20.8,2.5,24.5,0.2,0.0,990.0,7
Mermelada De Damasco Reducida En Calorias,SUPLEMENTOS Y DIETÉTICOS,140.0,0.0,34.0,0.0,0.0,26.0,0.0,7
Confitura De Manzana,CONFITURAS Y DULCES,200.0,0.0,55.0,0.0,0.7,55.0,0.0,7
Dulce De Corinto,CONFITURAS Y DULCES,265.0,0.0,65.0,0.0,0.0,65.0,0.0,7
Mermelada De Rosa Mosqueta,CONFITURAS Y DULCES,255.0,0.0,65.0,0.0,11.0,60.0,0.0,7
Tomates En Mitades Deshidratados,VEGETALES Y FRUTAS,272.5,10.0,55.0,2.4,6.8,53.8,430.0,7
Aceto Balsamico Reduccion,VINAGRES,308.3,,75.0,,,61.7,66.7,7
Aderezo A Base De Berenjenas,SALSAS Y ADEREZOS,116.7,0.0,7.5,8.3,0.0,0.0,316.7,7
"Mix De Helado De Agua Sabor Limon, Helado De Crema Sabor Frutilla Aromatizados Con Esencia Artificial Y Helado De Crema De Chocolate",HELADOS,171.7,2.8,31.7,4.0,,25.0,55.0,7
Duraznos Amarillos En Mitades Comunes En Jarabe Diluído,VEGETALES Y FRUTAS,62.9,0.5,15.0,,1.0,13.6,7.9,7
Cóctel De Cuatro Frutas Grado Comun En Jarabe Diluido,VEGETALES Y FRUTAS,64.3,0.4,15.7,0.0,0.7,13.6,5.7,7
Salsa A Base De Tomate Filetto,SALSAS Y ADEREZOS,31.7,0.7,6.0,0.0,1.3,4.5,200.0,7
Azucar Impalpable,AZÚCARES Y EDULCORANTES,400.0,0.0,100.0,0.0,0.0,97.5,0.0,7
Pasta Fresca Rellena,PASTAS,242.5,10.0,35.0,3.9,1.5,0.8,255.6,7
Maíz Pisado Amarillo,CEREALES Y HARINAS,346.0,7.0,76.0,4.0,2.8,0.6,0.0,7
Tomate Desecado,VEGETALES Y FRUTAS,246.7,10.0,46.7,0.0,6.7,37.5,2716.0,7
Mezcla De Semillas Y Frutas Secas,CEREALES Y HARINAS,576.7,19.3,19.7,50.0,7.3,,7.0,7
Azucar Comun Tipo A Libre De Gluten,AZÚCARES Y EDULCORANTES,400.0,0.0,100.0,0.0,0.0,100.0,0.0,7
Helado De Leche Sabor Granizado,HELADOS,140.0,3.1,20.0,4.8,0.2,21.7,41.7,7
Pastillas De Goma Fantasía Sabor A Sandía,CARAMELOS Y GOLOSINAS,331.9,3.9,79.0,0.0,0.0,56.1,47.7,6
Limas En Almibar,CONFITURAS Y DULCES,271.1,0.0,67.5,0.0,2.1,62.7,0.0,6
Mermelada De Higos,CONFITURAS Y DULCES,255.0,,63.5,,,65.0,0.0,6
Porotos Negros Secos Remojados,VEGETALES Y FRUTAS,73.1,6.3,10.8,0.0,6.5,0.0,35.0,6
Tapas Para Empanadas Freir,MASAS Y PANADERÍA,326.7,6.7,58.3,8.3,0.0,0.0,436.7,6
Pan De Viena Para Hamburguesa,MASAS Y PANADERÍA,302.0,7.0,55.0,4.4,2.6,2.3,348.8,6
Helado De Agua Sabor Ananá,HELADOS,75.8,1.2,20.8,0.0,0.0,20.0,0.0,6
Fideos Frescos Al Huevo,PASTAS,293.0,8.5,56.5,3.0,2.0,0.0,498.5,6
Grisines Con Salvado,MASAS Y PANADERÍA,344.7,8.8,56.7,7.5,3.7,1.7,560.6,6
Snack A Base De Papa Sabor Original,CEREALES Y HARINAS,508.0,4.6,58.0,27.6,4.6,5.0,652.0,6
Snack A Base De Papa Sabor Queso,CEREALES Y HARINAS,514.0,5.0,58.0,28.8,4.0,3.0,502.0,6
Zanahorias Enteras,VEGETALES Y FRUTAS,18.8,0.6,3.6,0.3,2.2,2.2,216.5,6
Obleas Dulces Rellenas Sabor Chocolate,GALLETITAS Y BARRAS,476.7,4.3,60.0,24.3,2.0,36.7,123.3,6
Anana En Rodajas Comunes,VEGETALES Y FRUTAS,83.2,,20.7,0.1,0.7,19.6,0.7,6
Chauchas Cortadas Supercongeladas,VEGETALES Y FRUTAS,29.2,2.0,3.7,0.4,3.9,1.4,9.4,6
Alimento Para Propósitos Médicos Específicos Nutricionalmente Completo Líquido,SUPLEMENTOS Y DIETÉTICOS,100.0,4.0,12.0,3.9,1.5,0.9,90.0,6
Aderezo A Base De Ketchup,SALSAS Y ADEREZOS,100.0,,24.6,,,17.5,883.3,6
Pastillas De Goma Fantasía Sabor Frutilla Artificialmente Aromatizadas,CARAMELOS Y GOLOSINAS,280.0,6.0,63.0,0.0,0.0,60.0,0.0,6
Queso Camembert,QUESOS,293.3,19.0,0.0,24.5,0.0,0.2,620.0,6
Helado De Crema Sabor A Vainilla,HELADOS,186.7,3.6,22.5,7.6,,20.0,61.7,6
Chauchas Supercongeladas,VEGETALES Y FRUTAS,29.5,1.9,3.7,0.5,3.2,2.1,6.9,6
Salsa A Base De Tomate Con Albahaca,SALSAS Y ADEREZOS,58.3,1.7,5.5,2.8,1.4,4.2,315.0,6
Pasta Seca A Base De Harina De Maiz,PASTAS,348.1,6.0,78.8,1.0,2.5,1.0,0.0,6
Pimientos Del Piquillo Asados Enteros Comunes,VEGETALES Y FRUTAS,35.0,1.0,8.0,0.0,2.0,4.6,162.0,6
Chocolate Blanco De Cobertura,CACAO Y CHOCOLATE,564.0,6.8,54.0,35.4,0.0,50.0,106.6,6
Turron Blando De Almendras,REPOSTERÍA Y CONFITERÍA,552.5,17.0,39.0,35.0,4.5,29.0,2.5,6
"Suplemento Dietario Dietetico A Base De Proteinas, En Polvo, Para Personas Que Realizan Ejercicio Físico, Sabor Frutilla",SUPLEMENTOS Y DIETÉTICOS,384.5,69.1,15.0,6.1,4.8,2.6,342.8,6
"Extrudado A Base De Harina De Maiz Y Azucar Sabor A Frutas Fortificado Con Vitaminas, Hierro Y Zinc",CEREALES Y HARINAS,380.0,5.7,83.3,2.7,3.0,40.0,410.0,6
Caramelos Masticables Sabor A Frutilla,CARAMELOS Y GOLOSINAS,366.5,1.5,85.0,6.5,,73.3,79.4,6
Queso De Leche De Oveja Graso De Mediana Humedad,QUESOS,410.0,23.8,1.0,33.3,,1.0,530.0,6
Turrón Duro De Almendras,REPOSTERÍA Y CONFITERÍA,548.0,13.6,44.0,35.2,7.5,35.5,0.0,6
Caramelos Blandos Acidos Sabor A Frutilla,CARAMELOS Y GOLOSINAS,353.3,5.0,85.0,,,70.0,19.6,6
Jardinera De Hortalizas Y Legumbres Con Granos De Choclo,VEGETALES Y FRUTAS,60.8,3.7,10.0,0.7,3.5,2.9,210.8,6
Alimento Para Propositos Medicos Especificos Liquido Para Niños Mayores De 3 Años Y Adultos,SUPLEMENTOS Y DIETÉTICOS,100.0,5.1,12.0,4.6,1.6,2.4,85.0,6
Salsa Agridulce A Base De Tomate,SALSAS Y ADEREZOS,116.7,0.0,27.1,0.0,0.0,21.0,436.7,6
Almendras Sin Cáscara,VEGETALES Y FRUTAS,596.7,21.2,17.7,50.0,12.5,4.3,2.5,6
Chocolate Amargo Con Avellanas,CACAO Y CHOCOLATE,558.6,6.6,45.0,40.5,8.0,31.3,0.0,6
Chocolate Blanco Con Trocitos De Galletitas. Con Aromatizante Identico Al Natural Vainillina,CACAO Y CHOCOLATE,540.9,7.3,58.2,31.0,,54.5,171.5,6
Croquetas A Base De Papa Prefritas Supercongeladas,VEGETALES Y FRUTAS,168.8,2.6,25.3,6.6,2.4,0.0,331.8,6
"Snacks A Base De Papa, Con Aceite Vegetal Y Harina De Cereales, Sabor Queso",CEREALES Y HARINAS,512.0,4.6,54.0,31.0,3.2,2.0,590.8,6
Caramelos Blandos Sabores Surtidos,CARAMELOS Y GOLOSINAS,397.5,7.0,95.0,5.0,,,23.5,6
Caramelos Masticables Rellenos Sabor A Fresa,CARAMELOS Y GOLOSINAS,377.5,0.0,85.0,3.0,0.0,65.0,70.0,6
Galletitas Dulces Con Cacao Con Relleno Sabor A Vainilla,GALLETITAS Y BARRAS,483.3,9.0,70.0,19.0,2.7,43.3,280.0,6
Caramelos Duros Sabor A Cereza,CARAMELOS Y GOLOSINAS,389.4,0.0,95.0,0.0,0.0,71.1,0.0,6
Huevo De Chocolate Con Leche Aromatizado Con Vainilla,CACAO Y CHOCOLATE,531.0,6.0,55.5,30.0,,55.5,0.0,6
"Salsa Agridulce A Base De Tomate, Vinagre Y Especias Con Sabor A Humo",SALSAS Y ADEREZOS,156.3,0.8,37.5,,0.8,33.3,879.3,6
Producto A Base De Queso Para Fundir,QUESOS,215.0,14.5,3.3,16.0,0.0,0.3,586.7,6
Pastillas De Goma Fantasia Sabor Vainilla,CARAMELOS Y GOLOSINAS,325.5,4.5,76.6,,,,78.7,6
Polvo Para Preparar Bizcochuelo Sabor Chocolate,POSTRES,367.9,5.1,82.1,7.9,3.3,40.5,397.6,6
Crema Helada De Chocolate,HELADOS,208.3,3.7,27.7,9.3,1.7,26.7,48.3,6
Bizcochos,MASAS Y PANADERÍA,374.6,6.0,42.8,15.1,2.3,3.0,568.3,6
Azúcar Blanco Refinado,AZÚCARES Y EDULCORANTES,400.0,0.0,100.0,0.0,0.0,100.0,0.0,6
Dulce De Higo,CONFITURAS Y DULCES,262.5,0.5,70.2,0.0,1.5,68.8,0.0,6
Conserva A Base De Vegetales,VEGETALES Y FRUTAS,75.0,1.6,7.4,4.4,1.0,2.8,404.4,6
Alimento En Polvo Con Cacao Para Preparar Bebida,CACAO Y CHOCOLATE,255.0,4.0,55.0,3.0,3.8,48.2,107.5,6
Arvejas Partidas,VEGETALES Y FRUTAS,330.0,21.7,59.2,1.1,6.1,1.5,0.0,6
Mermelada De Mandarina,CONFITURAS Y DULCES,265.0,0.0,65.0,0.0,3.5,65.0,0.0,6
Helado De Chocolate,HELADOS,193.3,5.6,26.7,4.7,0.2,35.0,57.4,6
Lomo De Cerdo Salado,CARNES Y CHACINADOS,148.8,19.8,4.0,5.8,0.0,0.0,936.2,6
Chocolate Semiamargo Con Almendras,CACAO Y CHOCOLATE,524.0,8.0,48.0,33.6,4.8,,0.0,6
Chocolate Blanco Aromatizado Con Vainillina,CACAO Y CHOCOLATE,561.2,7.6,55.8,34.8,1.2,51.5,101.8,6
Helado De Crema Sabor Cereza,HELADOS,175.0,3.2,27.5,6.1,0.8,23.3,36.6,6
Masa Para Pascualina,MASAS Y PANADERÍA,303.3,5.7,53.3,7.7,0.2,0.0,620.0,6
Pan De Molde Con Semillas,MASAS Y PANADERÍA,302.9,7.5,56.0,5.1,2.7,2.2,295.0,6
Mermelada De Citron,CONFITURAS Y DULCES,210.0,0.0,55.0,0.0,0.0,45.0,0.0,6
Hojas De Parra,VEGETALES Y FRUTAS,40.0,5.2,2.9,1.6,3.6,1.2,332.0,6
Berenjenas En Escabeche Condimentadas,VEGETALES Y FRUTAS,135.0,1.2,9.4,11.9,3.2,4.9,299.0,6
Mezcla Ahumada De Especias,CONDIMENTOS Y ESPECIAS,203.0,20.0,37.0,0.0,18.0,,149.0,6
Chocolate Con Leche En Rama,CACAO Y CHOCOLATE,548.0,8.0,56.0,33.2,2.4,48.0,108.7,6
Fruta Glaseada,CONFITURAS Y DULCES,325.0,1.0,80.5,0.0,2.0,78.8,79.0,6
Pan De Mesa Con Salvado,MASAS Y PANADERÍA,332.0,9.0,67.0,3.1,5.6,4.7,361.0,6
Harina De Maíz Para Preparar Polenta,CEREALES Y HARINAS,353.0,8.7,76.0,1.6,4.6,0.0,0.0,6
Snack - Papas Fritas,GALLETITAS Y BARRAS,532.0,6.8,56.0,32.2,7.0,0.0,576.0,6
Pastillas De Goma Fantasía Sabor A Tutti Frutti,CARAMELOS Y GOLOSINAS,323.3,4.0,76.7,0.0,0.0,47.8,32.0,5
Polvo Para Preparar Bizcochuelo Sabor A Vainilla,POSTRES,368.8,8.0,84.4,4.0,0.9,40.5,453.1,5
Arrope De Chañar,CONFITURAS Y DULCES,315.0,0.0,80.0,0.0,0.0,75.0,0.0,5
Ajo Deshidratado En Polvo,CONDIMENTOS Y ESPECIAS,340.0,17.0,73.0,0.8,9.0,60.0,7.1,5
Aceitunas Verdes Rellenas Con Pasta De Pimentón En Salmuera,VEGETALES Y FRUTAS,90.0,1.0,10.0,6.0,1.0,,2400.0,5
Semillas De Girasol,SEMILLAS Y FRUTOS SECOS,593.3,22.7,18.7,51.3,10.5,0.0,15.0,5
Helado De Agua Sabor Manzana Verde,HELADOS,80.0,0.0,21.7,0.0,0.0,20.0,0.0,5
Helado De Agua Sabor Durazno,HELADOS,105.0,0.5,23.0,0.0,0.0,25.0,0.3,5
Jamon Cocido,CARNES Y CHACINADOS,135.0,18.0,3.2,6.8,0.0,0.0,896.7,5
Fideos Frescos Con Espinaca,PASTAS,287.0,8.0,60.0,1.0,1.0,0.6,544.0,5
Helado De Leche Sabor Crema Del Cielo,HELADOS,131.7,2.2,23.3,2.7,,20.8,41.7,5
Facturas De Panadería Crudas Congeladas,MASAS Y PANADERÍA,382.5,6.0,45.0,19.2,1.9,7.2,286.7,5
Mermelada De Mamon,CONFITURAS Y DULCES,270.0,,65.0,,,75.0,0.0,5
Pan Árabe,MASAS Y PANADERÍA,296.0,8.0,58.0,3.3,2.6,0.6,314.6,5
Helado De Crema,HELADOS,178.3,3.3,25.0,6.8,0.0,30.0,71.7,5
Ajíes En Vinagre De Alcohol,VEGETALES Y FRUTAS,24.0,1.0,4.8,0.1,1.6,2.6,1160.0,5
Ñoquis De Papa,PASTAS,151.2,4.2,33.8,0.6,2.5,0.2,332.5,5
Snack A Base De Papa Sabor A Crema Y Cebolla,CEREALES Y HARINAS,504.0,5.6,56.0,28.4,5.2,2.4,632.0,5
Queso De Leche De Cabra Graso De Mediana Humedad,QUESOS,386.7,23.0,0.7,33.0,0.0,0.0,720.0,5
Jugo De Naranja,JUGOS,41.0,0.5,9.5,0.3,1.6,8.2,0.0,5
"Bocaditos Rellenos, Recubiertos Con Baño De Reposteria Con Leche",CARAMELOS Y GOLOSINAS,530.0,6.0,65.0,26.0,3.0,35.5,60.0,5
Frutillas Comunes Con Colorante Autorizado,VEGETALES Y FRUTAS,65.0,0.5,24.3,0.0,1.5,15.0,4.3,5
Snack A Base De Papa Sabor Cheddar,CEREALES Y HARINAS,516.0,4.8,56.0,30.8,3.6,2.6,680.0,5
Galletitas Integrales,GALLETITAS Y BARRAS,423.3,11.0,63.3,11.7,9.0,7.0,483.3,5
Galletitas Dulces Sabor A Coco,GALLETITAS Y BARRAS,443.3,6.3,76.7,15.7,2.5,23.3,316.7,5
Galletitas Dulces Sabor A Vainilla,GALLETITAS Y BARRAS,433.3,7.3,70.0,14.0,2.5,22.7,346.7,5
Salsa Agridulce,SALSAS Y ADEREZOS,166.7,0.0,40.0,0.0,0.0,33.3,1073.3,5
Salsa A Base De Tomate Con Especias,SALSAS Y ADEREZOS,53.3,1.2,8.3,,1.7,4.7,311.7,5
Espinacas,VEGETALES Y FRUTAS,24.6,3.5,2.0,0.9,2.9,0.5,172.3,5
Snack A Base De Papas Sabor Barbacoa,VEGETALES Y FRUTAS,520.0,6.0,52.0,32.0,4.0,3.2,380.0,5
Fideos Secos De Semola De Trigo Duro,PASTAS,353.8,11.5,71.2,1.5,3.0,3.3,0.0,5
Galletitas Dulces Sabor A Chocolate,GALLETITAS Y BARRAS,446.7,8.7,66.7,14.0,3.3,23.3,300.0,5
Galletas Saladas,GALLETITAS Y BARRAS,433.3,9.7,70.0,12.7,2.7,6.0,457.1,5
Corazones De Alcauciles,VEGETALES Y FRUTAS,32.0,1.8,5.6,0.0,2.8,1.4,368.0,5
Aderezo Agridulce,SALSAS Y ADEREZOS,207.7,0.0,12.3,8.1,0.0,69.2,1061.5,5
Pimientos Enteros Comunes,VEGETALES Y FRUTAS,36.0,1.2,6.0,0.2,1.6,3.7,258.0,5
Caldo De Verduras Deshidratadas,CALDOS Y SOPAS,200.0,24.0,45.0,4.0,13.0,17.0,10200.0,5
Galletas Crackers,GALLETITAS Y BARRAS,420.0,9.3,66.7,9.3,2.0,3.3,606.7,5
Pasta De Sésamo,VEGETALES Y FRUTAS,640.0,12.7,8.0,57.0,14.0,0.6,75.3,5
Pastas Secas De Arroz,PASTAS,355.0,7.6,80.0,1.5,1.9,0.0,31.2,5
Granos De Choclo Amarillo Grano Entero,VEGETALES Y FRUTAS,59.2,3.0,7.7,1.7,3.4,2.1,53.9,5
Chocolate Semiamargo Con Avellanas,CACAO Y CHOCOLATE,552.0,7.6,40.0,40.0,6.6,37.2,0.0,5
Malta Liquida,BEBIDAS ANALCOHÓLICAS,58.0,0.5,14.0,,1.0,13.0,6.0,5
"Alimento Para Propósitos Médicos Específicos En Polvo, Para Lactantes",SUPLEMENTOS Y DIETÉTICOS,466.0,13.0,50.0,23.0,3.7,7.5,191.0,5
Maiz Amarillo Precocido Y Molido,CEREALES Y HARINAS,354.0,7.8,78.0,2.2,7.4,1.8,0.0,5
Fideos Secos Con Aderezo Deshidratado Sabor Queso,COMIDAS PREPARADAS,357.1,12.1,67.2,6.0,1.7,12.9,958.8,5
Hongos Secos Trozados,HONGOS,281.8,12.0,30.0,6.0,18.9,2.2,39.2,5
Galletitas Con Salvado,GALLETITAS Y BARRAS,412.9,10.3,62.1,13.9,5.7,5.2,650.0,5
Pure De Tomate Con Albahaca,VEGETALES Y FRUTAS,23.3,1.3,4.0,,1.2,3.8,98.3,5
Galletitas Dulces Sabor Coco,GALLETITAS Y BARRAS,436.7,8.3,76.7,11.3,2.0,29.7,273.3,5
"Caramelos Masticables Sabores A Anana, Frutilla, Naranja, Limon Y Uva",CARAMELOS Y GOLOSINAS,360.0,,90.0,,,55.0,60.0,5
Queso Emmenthal En Fetas,QUESOS,370.0,27.6,,29.0,,,400.0,5
Turrón De Alicante,REPOSTERÍA Y CONFITERÍA,540.0,15.0,43.0,34.0,4.7,34.5,0.0,5
Queso Procesado En Fetas,QUESOS,368.4,17.9,3.4,31.6,0.0,5.8,1579.0,5
Pastillas De Goma Fantasía Sabor A Frutilla Y Vainilla,CARAMELOS Y GOLOSINAS,330.5,3.8,80.0,0.0,0.0,61.9,84.0,5
Caramelo Duro Sabor A Menta,CARAMELOS Y GOLOSINAS,391.7,0.0,97.5,0.0,0.0,68.3,0.0,5
Pure De Manzana,VEGETALES Y FRUTAS,58.8,0.0,14.4,0.0,2.2,11.1,0.0,5
Caramelos Masticables Acidos Sabor Frutilla,CARAMELOS Y GOLOSINAS,353.9,,85.0,,,65.0,146.2,5
Semola De Trigo Candeal Fina,CEREALES Y HARINAS,358.0,12.4,74.0,1.4,9.4,0.0,0.0,5
"Alimento Para Propositos Medicos Especificos En Polvo, Para Lactantes",SUPLEMENTOS Y DIETÉTICOS,67.0,6.6,7.4,3.6,1.3,4.6,20.0,5
Chupetín De Caramelo Duro Ácido Sabor A Manzana Verde,CARAMELOS Y GOLOSINAS,409.1,0.0,100.0,0.0,0.0,100.0,45.5,5
Alcauciles En Conserva,VEGETALES Y FRUTAS,50.0,1.4,9.0,32.0,5.0,0.5,320.0,5
"Suplemento Dietario A Base De Colágeno Hidrolizado, En Polvo",SUPLEMENTOS Y DIETÉTICOS,360.0,90.0,,,,,200.0,5
Alimento Para Propósitos Médicos Específicos Líquido Nutricionalmente Completo Para Niños Mayores De 3 Años Y Adultos,SUPLEMENTOS Y DIETÉTICOS,150.0,5.6,17.0,5.8,1.5,1.0,100.0,5
"Chupetines De Goma Fantasia Sabor A Vainilla, Surtidos",CARAMELOS Y GOLOSINAS,342.1,1.3,82.7,0.0,0.0,67.5,40.0,5
Tomates Pelados Perita Enteros Comunes Con Pure De Tomate,VEGETALES Y FRUTAS,22.3,1.2,3.5,0.2,1.0,,100.0,5
Formula Lactea Para Lactantes En Polvo,SUPLEMENTOS Y DIETÉTICOS,67.0,1.5,8.0,3.5,0.4,7.8,33.0,5
Maiz Blanco Precocido Y Molido,CEREALES Y HARINAS,344.0,7.6,80.0,2.5,8.2,2.0,0.0,5
"Producto Farinaceo Preformado Y Precocido, A Base De Harina, Almidón Y Aceite De Palma, Con Vegetales Deshidratados Y Aderezo A Base De Sal, Azúcar, Salsa De Soja Y Especias",COMIDAS PREPARADAS,427.3,10.0,65.5,13.8,3.5,4.6,1536.4,5
"Aderezo A Base De Glutamato Monosodico Y Sal Con Especias, Para Preparaciones Culinarias",SALSAS Y ADEREZOS,240.0,,,,,,19100.0,5
Caramelos Masticables Confitados Sabores Surtidos,CARAMELOS Y GOLOSINAS,405.0,,90.0,4.0,,70.0,0.0,5
Cobertura De Chocolate Blanco,CACAO Y CHOCOLATE,580.0,6.0,52.0,38.0,,52.0,88.0,5
Pasta Seca A Base De Harina De Arroz,PASTAS,355.0,6.9,76.2,1.8,3.0,,0.0,5
Bebida Analcoholica A Base De Almendras,BEBIDAS ANALCOHÓLICAS,53.0,1.3,6.5,3.7,0.5,7.0,24.0,5
Pastillas De Goma Fantasia Sabor A Fresa,CARAMELOS Y GOLOSINAS,327.8,4.2,76.3,0.0,0.0,55.1,77.8,5
Chocolate,CACAO Y CHOCOLATE,552.0,7.2,34.0,36.0,11.2,29.2,4.0,5
"Alimento Para Propositos Medicos Especificos Liquido, Nutricionalmente Completo",SUPLEMENTOS Y DIETÉTICOS,150.0,5.7,20.0,5.1,0.0,5.8,147.0,5
Harina De Trigo Tipo 0000,CEREALES Y HARINAS,344.0,9.4,72.0,2.3,2.6,1.4,14.0,5
Producto Lacteo Sin Flora Lactica Activa Con Preparado De Frutilla,LÁCTEOS,75.3,2.8,16.0,4.0,,,40.0,5
Caramelos Duros Sabor A Menta,CARAMELOS Y GOLOSINAS,388.9,0.0,95.0,0.0,0.0,74.8,0.0,5
Mezcla Para Preparación Culinaria A Base De Arroz Con Hongos,COMIDAS PREPARADAS,344.0,8.0,74.0,2.0,2.0,1.0,720.0,5
"Pasta Dulce A Base De Azucar, Aceite Vegetal, Avellanas Y Cacao, Untable",REPOSTERÍA Y CONFITERÍA,565.0,5.4,51.4,36.0,3.5,49.0,60.0,5
Caramelos Duros Sabor A Naranja,CARAMELOS Y GOLOSINAS,390.0,,95.0,,,58.9,0.0,5
Queso De Cabra,QUESOS,293.3,22.0,10.0,22.0,0.0,11.5,210.0,5
Salsa Dulce A Base De Guindas Y Cerezas Negras,REPOSTERÍA Y CONFITERÍA,125.0,0.0,29.0,0.0,1.0,55.0,0.0,5
"Salsa Picante Agridulce A Base De Tomate, Vinagre De Alcohol Y Especias Con Sabor A Humo",SALSAS Y ADEREZOS,150.0,0.8,35.0,,0.8,,966.7,5
"Alimento Para Propositos Medicos Especificos Liquido, Dietetico",SUPLEMENTOS Y DIETÉTICOS,74.7,11.5,5.1,0.9,1.5,3.4,60.0,5
"Suplemento Dietario Dietetico A Base De Proteinas Y Fibra, En Barra",SUPLEMENTOS Y DIETÉTICOS,316.7,35.0,10.0,13.3,23.3,1.7,350.0,5
Pastillaje Para Decoracion,REPOSTERÍA Y CONFITERÍA,372.0,,92.0,,,96.0,0.0,5
Suplemento Dietario En Polvo Dietético A Base De Proteínas De Suero De Leche,SUPLEMENTOS Y DIETÉTICOS,319.5,79.9,3.2,2.3,,,303.5,5
Confitura De Arandano,CONFITURAS Y DULCES,260.0,,65.0,,,65.0,0.0,5
Pan Para Hamburguesas,MASAS Y PANADERÍA,356.0,9.2,64.0,8.4,2.0,9.8,290.0,5
Turron De Almendras,REPOSTERÍA Y CONFITERÍA,485.0,7.5,48.5,19.0,2.5,65.0,0.0,5
Sémola De Maíz Para Preparar Polenta,CEREALES Y HARINAS,344.0,8.0,78.0,1.2,4.0,0.0,0.0,5
Helado De Agua Sabor A Naranja,HELADOS,88.0,0.0,22.0,0.0,0.0,20.0,0.0,5
Hamburguesa De Pollo,COMIDAS PREPARADAS,134.7,18.5,5.0,3.5,0.0,0.0,641.0,5
Maiz Pelado Blanco,CEREALES Y HARINAS,334.0,8.0,74.0,1.0,2.3,0.0,0.0,5
Tostadas Con Gluten,MASAS Y PANADERÍA,360.0,14.0,63.3,4.0,2.6,0.0,140.0,5
Zapallos En Almibar,CONFITURAS Y DULCES,230.0,0.4,55.0,,,36.4,0.0,5
Batatas En Almibar,CONFITURAS Y DULCES,247.5,0.6,60.0,0.0,3.0,39.3,10.0,5
Nuez Confitada Glaseada,CACAO Y CHOCOLATE,425.0,6.8,55.0,19.5,1.8,,55.0,5
Helado Sabor Vainilla,HELADOS,158.0,5.4,24.0,5.0,10.3,24.2,44.0,5
Dulce De Uva,CONFITURAS Y DULCES,250.0,0.0,60.0,0.0,0.0,59.8,0.0,5
"Salsa A Base De Tomate, Cebolla, Aceite De Girasol, Ajo Y Tomillo",VEGETALES Y FRUTAS,58.3,1.3,8.8,2.0,1.5,6.2,448.3,5
Arroz Pulido Tipo Largo Ancho Calidad 00000,CEREALES Y HARINAS,340.0,7.0,80.0,0.0,1.7,3.0,0.0,5
Fariña De Mandioca,CEREALES Y HARINAS,354.3,0.9,85.7,0.0,2.3,,7.7,5
Sémola De Trigo Candeal Fina,CEREALES Y HARINAS,332.0,11.8,66.0,2.4,7.0,,0.0,5
Helado De Crema De Chocolate Con Almendras,HELADOS,225.0,4.7,26.7,11.7,2.5,26.7,41.7,5
Maiz Pisado Colorado,CEREALES Y HARINAS,342.0,7.4,78.0,0.2,2.8,41.3,2.4,5
Crema Helada De Chocolate Blanco,HELADOS,216.7,4.3,28.3,9.8,0.3,26.7,61.7,5
Crema Helada De Dulce De Leche,HELADOS,198.3,3.5,26.7,8.3,1.2,24.0,195.0,5
Mermelada De Zarzamora,CONFITURAS Y DULCES,220.0,0.0,60.0,0.0,0.0,45.0,0.0,5
Mermelada De Duraznos,CONFITURAS Y DULCES,270.0,0.0,65.0,0.0,2.0,55.0,0.0,5
Mermelada De Guinda,CONFITURAS Y DULCES,240.0,0.0,60.0,0.0,0.0,62.5,0.0,5
Mermelada De Moras,CONFITURAS Y DULCES,220.0,0.0,55.0,0.0,1.5,55.0,0.0,5
Cerezas Pasteurizadas,VEGETALES Y FRUTAS,93.6,0.6,22.9,,0.7,,0.0,5
Dulce De Damasco,CONFITURAS Y DULCES,265.0,0.0,65.0,0.0,0.0,65.0,0.0,5
Helado De Agua Sabor Artificial A Frutilla,HELADOS,80.0,,20.0,,,17.2,0.0,5
Pastas Frescas Rellenas. Sorrentinos,PASTAS,264.0,13.0,38.0,8.0,1.8,1.1,215.0,5
Endulzante De Mesa. Alimento Dietético,AZÚCARES Y EDULCORANTES,0.0,0.0,0.0,0.0,0.0,0.3,0.0,5
Mayonesa Reducida En Calorias,SALSAS Y ADEREZOS,150.0,0.0,10.0,11.7,0.0,5.0,816.7,5
Conserva De Lentejas Secas Remojadas,VEGETALES Y FRUTAS,81.5,6.1,13.1,0.5,3.9,0.6,156.2,5
Hamburguesa De Carne Vacuna,COMIDAS PREPARADAS,147.3,16.7,5.5,6.5,1.1,0.6,214.0,5
Dulce De Guindas,CONFITURAS Y DULCES,250.0,0.0,57.6,0.0,0.0,65.0,0.0,5
Galletas De Molde,MASAS Y PANADERÍA,416.7,7.7,66.7,9.3,1.4,20.3,190.0,5
Helado De Leche Sabor Chantilly,HELADOS,140.0,3.1,23.0,3.9,,22.4,49.0,5
Galletitas Dulces Con Mermelada De Membrillo,MASAS Y PANADERÍA,366.7,5.3,60.0,13.3,1.7,22.0,86.7,5
Naranjas En Almibar,CONFITURAS Y DULCES,256.0,1.2,58.0,2.4,0.8,38.8,48.0,5
Aceite De Girasol Refinado,ACEITES Y GRASAS,869.2,0.0,0.0,100.0,0.0,0.0,0.0,5
Queso Pategras,QUESOS,360.0,25.3,1.7,28.3,0.0,1.7,583.3,5
Queso De Cerdo Aleman,CARNES Y CHACINADOS,295.0,17.5,1.0,25.0,0.0,0.0,637.5,5
Chorizo Fresco De Cerdo Y Vacuno,CARNES Y CHACINADOS,338.0,15.4,4.6,28.0,0.0,0.0,728.0,5
"Mix De Helado De Crema Sabor Crema Y Chantilly, Helado De Crema De Dulce De Leche Heladero Y Helado De Crema De Dulce De Leche Heladero Sabor Banana, Aromatizados Con Esencia Artificial",HELADOS,171.7,3.3,31.7,6.8,,23.3,45.0,5
Snacks A Base De Harina De Trigo Salados,GALLETITAS Y BARRAS,544.0,10.0,48.0,34.8,4.8,0.0,724.0,5
Mermelada De Ciruelas,CONFITURAS Y DULCES,260.0,,65.0,,,53.0,0.0,5
Zapallos En Almíbar,CONFITURAS Y DULCES,240.0,0.0,55.0,0.0,0.0,55.0,0.0,5
Mermelada De Durazno Con Esencia Artificial De Durazno,CONFITURAS Y DULCES,260.0,0.0,65.0,0.0,0.0,60.0,27.0,5
"Mix De Helado De Crema Sabor Americana, Con Trozos De Baño De Reposteria Con Leche Aromatizado Con Esencia Artificial De Vainilla, Helado De Crema De Dulce De Leche Heladero Y Helado De Crema Sabor Cereza, Aromatizados Con Esencia Artificial",HELADOS,178.3,2.3,26.7,7.0,,23.3,23.3,5
Pizza Con Salsa A Base De Tomate,MASAS Y PANADERÍA,295.0,8.2,55.0,5.0,2.4,0.0,312.5,5
Leche Entera Pasteurizada,LÁCTEOS,59.0,3.0,5.0,3.0,0.0,5.0,33.0,5
Peras En Trozos Comunes En Jarabe Diluido,VEGETALES Y FRUTAS,62.1,0.0,15.7,0.0,1.0,12.1,6.9,5
Ciruelas D´Agen Deshidratadas Sin Carozo Tiernizadas Grado Elegido,VEGETALES Y FRUTAS,232.0,1.8,56.0,,6.2,41.0,32.0,5
Ciruelas D´Agen Deshidratadas Con Carozo Tiernizadas Grado Elegido,VEGETALES Y FRUTAS,254.0,1.8,60.0,,6.2,45.0,32.0,5
Facturas De Panaderia,MASAS Y PANADERÍA,437.5,6.2,56.0,18.9,1.0,13.0,250.0,5
Salsa A Base De Tomate Pomarola,SALSAS Y ADEREZOS,26.7,1.8,5.2,,1.3,3.0,210.0,5
Duraznos Amarillos En Mitades Comunes En Jarabe Diluido Libre De Gluten,VEGETALES Y FRUTAS,62.9,1.0,15.0,,0.4,,5.9,5
Aceite De Oliva Virgen Extra Libre De Gluten,ACEITES Y GRASAS,900.0,0.0,0.0,100.0,0.0,0.0,0.0,5
Coctel De Cuatro Frutas Grado Comun Dietetico Bajo En Calorias,SUPLEMENTOS Y DIETÉTICOS,25.7,0.3,6.1,,1.5,5.4,24.3,5
Helado De Crema Sabor Granizado,HELADOS,177.1,3.7,25.7,7.1,0.0,25.4,41.7,5
Arvejas Secas Partidas,VEGETALES Y FRUTAS,345.0,23.3,60.0,1.3,13.0,3.0,16.0,5
Jarabe De Sauco,BEBIDAS ANALCOHÓLICAS,104.5,0.5,26.0,0.0,3.0,26.0,0.5,5
Alfajor De Dulce De Leche Bañado Con Chocolate,ALFAJORES,360.0,5.8,58.0,11.6,1.2,42.0,74.0,5
Maíz Pisingallo,CEREALES Y HARINAS,308.0,9.8,60.0,3.4,12.8,,0.0,5
Porotos Pallares,VEGETALES Y FRUTAS,266.7,20.0,45.0,1.7,18.3,,18.3,5
Poroto Adzuki,VEGETALES Y FRUTAS,331.7,20.0,63.0,0.7,13.0,2.0,0.0,5
Quesillo,QUESOS,363.3,25.7,1.7,29.0,0.0,0.0,340.0,5
Galletitas Crackers Con Salvado,GALLETITAS Y BARRAS,393.3,10.0,66.7,10.0,5.7,6.0,650.0,5
Masa De Pizza Con Salsa De Tomates,MASAS Y PANADERÍA,240.0,5.5,40.0,6.0,1.8,0.0,450.0,5
Masa Para Pizza Con Tomate,MASAS Y PANADERÍA,270.0,8.0,57.5,4.0,0.0,0.0,555.0,5
Pastas Frescas Rellenas - Ravioles Con Pollo Y Verdura,PASTAS,259.0,9.8,51.0,1.8,2.1,0.0,503.0,5
Bizcochitos Salados,GALLETITAS Y BARRAS,463.3,6.7,53.3,24.0,2.3,0.0,786.7,5
Galletitas Tipo Crackers Con Salvado,GALLETITAS Y BARRAS,393.3,10.0,66.7,10.0,5.7,6.0,650.0,5
Palito Helado De Agua Sabor Uva,HELADOS,100.0,0.0,25.0,0.0,0.0,18.9,0.0,5
Alfajor De Dulce De Leche Bañado Con Merengue,ALFAJORES,315.6,5.6,55.6,7.8,0.7,42.2,64.4,5
Palito Helado De Agua Sabor Frutilla,HELADOS,100.0,0.0,25.0,0.0,0.0,23.3,0.0,5
Fideos De Sémola De Trigo Candeal,PASTAS,341.2,11.2,71.2,1.1,3.0,3.0,10.0,5
Alfajor Relleno Con Dulce De Leche Cubierto Con Baño De Reposteria Semiamargo,GALLETITAS Y BARRAS,365.6,7.2,54.6,13.0,1.2,47.1,84.2,4
Zapallo En Almíbar,CONFITURAS Y DULCES,223.9,0.5,55.7,0.0,1.6,49.8,0.0,4
Alfajor Relleno De Dulce De Leche Con Baño De Reposteria Semiamargo,GALLETITAS Y BARRAS,395.4,6.0,55.8,16.5,1.2,40.0,98.3,4
Alfajor Relleno De Dulce De Leche Cubierto Con Baño De Reposteria Fantasia Blanco,GALLETITAS Y BARRAS,461.5,6.7,66.2,18.3,1.6,34.8,123.3,4
Salsa A Base De Tomate Para Pizza,SALSAS Y ADEREZOS,26.7,1.2,4.8,0.2,1.3,3.3,240.0,4
Porotos Secos Remojados,VEGETALES Y FRUTAS,86.5,6.2,15.8,0.8,6.4,0.8,18.1,4
Polvo Para Preparar Bizcochuelo Sabor A Chocolate,POSTRES,366.1,7.0,85.9,3.7,1.4,38.1,390.6,4
Pastillas De Goma Fantasia Sabor A Tutti Frutti,CARAMELOS Y GOLOSINAS,335.0,4.6,80.0,2.0,0.0,75.0,43.3,4
Cacao En Polvo Alcalino,CACAO Y CHOCOLATE,287.5,23.2,24.5,11.5,19.2,2.0,13.0,4
Tapas Para Empanadas Tipo Criolla,MASAS Y PANADERÍA,328.3,6.2,56.7,8.3,1.0,0.0,483.3,4
Palmeras,MASAS Y PANADERÍA,497.2,6.7,58.0,23.3,1.8,22.5,234.0,4
Facturas De Panadería,MASAS Y PANADERÍA,372.0,7.0,47.8,14.8,1.5,27.5,227.8,4
Helado De Crema-Balde,HELADOS,177.5,3.2,27.5,6.7,0.0,21.7,58.3,4
Bizcochos Crudos Congelados,GALLETITAS Y BARRAS,361.7,5.2,43.3,18.3,0.0,0.2,660.0,4
Fideos Al Huevo Congelados,PASTAS,287.8,7.5,58.5,2.9,0.1,0.5,292.5,4
Arroz Integral Tipo Largo Fino Calidad 00000,CEREALES Y HARINAS,362.0,7.0,78.0,2.6,7.6,,0.0,4
Grisines Con Queso,MASAS Y PANADERÍA,426.7,11.2,56.7,10.7,2.3,1.2,640.4,4
Pre Pizza,MASAS Y PANADERÍA,216.2,5.9,42.9,2.6,1.4,0.1,334.3,4
Galletitas Dulces Con Relleno Sabor Vainilla,GALLETITAS Y BARRAS,488.3,6.8,71.7,18.8,2.3,36.7,176.7,4
Leche Uht Entera,LÁCTEOS,59.5,3.0,4.7,3.1,,4.8,56.5,4
"Alimento Para Propósitos Médicos Específicos, En Polvo",SUPLEMENTOS Y DIETÉTICOS,431.5,21.5,45.0,17.8,4.5,13.2,359.0,4
Snack A Base De Papa Sabor Pizza,VEGETALES Y FRUTAS,512.0,5.2,50.0,28.8,4.0,2.0,444.0,4
Turron De Jijona,REPOSTERÍA Y CONFITERÍA,547.5,14.0,39.0,36.0,5.2,37.5,0.0,4
Mostaza De Mesa Tipo Dijon,SALSAS Y ADEREZOS,87.5,5.8,5.0,9.2,5.8,5.0,2125.0,4
"Alimento Para Propósitos Médicos Específicos Líquido, Dietético, Para Niños Mayores De 4 Años",SUPLEMENTOS Y DIETÉTICOS,101.0,16.0,8.5,0.4,0.6,5.9,20.0,4
Dátil,VEGETALES Y FRUTAS,325.0,4.4,76.0,0.4,6.8,66.0,9.7,4
Avena Arrollada Instantanea,CEREALES Y HARINAS,375.0,12.5,61.7,9.0,9.3,0.5,0.0,4
Galletitas Dulces Con Relleno Sabor A Vainilla,GALLETITAS Y BARRAS,474.8,4.8,70.0,18.7,3.3,33.8,255.0,4
Obleas Con Relleno Sabor A Frutilla,GALLETITAS Y BARRAS,526.7,3.8,68.3,26.3,1.7,45.0,153.3,4
Obleas Con Relleno Sabor A Chocolate,GALLETITAS Y BARRAS,516.7,4.7,66.7,25.7,2.2,43.3,146.7,4
Maiz Dulce Amarillo Grano Entero,VEGETALES Y FRUTAS,77.7,2.9,11.5,1.6,3.4,5.1,166.2,4
Arvejas Verdes Pequeñas,VEGETALES Y FRUTAS,72.3,6.1,9.6,0.7,6.9,1.7,243.8,4
Pasta De Sémola De Trigo Duro,PASTAS,352.5,12.9,71.2,1.4,2.8,3.5,0.0,4
Galletitas Dulces Con Relleno Sabor A Frutilla,GALLETITAS Y BARRAS,457.5,5.5,72.0,16.2,2.6,30.7,290.0,4
Surtido De Turrones,REPOSTERÍA Y CONFITERÍA,530.0,11.6,44.0,33.0,6.2,28.0,0.0,4
"Pan A Base De Harina De Arroz, Almidón De Maíz Y Almidón De Mandioca",MASAS Y PANADERÍA,215.3,6.5,36.0,6.8,5.6,1.3,395.7,4
Pastillas Sabor Multifruta,CARAMELOS Y GOLOSINAS,400.0,,99.5,,,95.0,0.0,4
Maiz Dulce Amarillo Entero,VEGETALES Y FRUTAS,73.8,2.0,13.8,1.3,2.0,6.5,160.8,4
Ananá En Rodajas Comunes,VEGETALES Y FRUTAS,79.6,0.9,20.0,,0.8,17.9,0.7,4
Chocolate Amargo Con Leche,CACAO Y CHOCOLATE,558.0,9.2,52.0,34.8,4.8,37.2,28.0,4
Hojas De Parra En Conserva,VEGETALES Y FRUTAS,40.0,5.2,7.3,1.6,3.6,,970.0,4
Queso Graso De Muy Alta Humedad,QUESOS,321.7,17.0,1.7,26.0,0.0,1.0,715.0,4
Fideos Prensados,PASTAS,341.2,11.2,71.2,1.1,3.0,,10.0,4
Bombones De Chocolate,CACAO Y CHOCOLATE,559.4,5.0,55.0,34.0,26.9,52.0,22.0,4
Aderezo A Base De Yogurt Con Hierbas,SALSAS Y ADEREZOS,180.8,0.0,9.6,15.1,0.0,6.9,560.0,4
Snack A Base De Papa Sabor Huevo Frito,CEREALES Y HARINAS,484.0,6.0,52.0,26.0,8.4,2.8,632.0,4
Galletitas Dulces Con Relleno Sabor Dulce De Leche,GALLETITAS Y BARRAS,465.0,7.0,73.3,17.3,2.3,33.3,231.7,4
Endulzante Dietetico De Mesa En Polvo,SUPLEMENTOS Y DIETÉTICOS,200.0,,100.0,,,100.0,0.0,4
Confitura De Duraznos,CONFITURAS Y DULCES,235.0,0.0,57.5,0.0,0.5,51.2,0.0,4
"Alimento Para Propósitos Médicos Especificos Dietetico, Liquido Sabor Vainilla",SUPLEMENTOS Y DIETÉTICOS,130.0,6.8,12.5,4.8,1.6,1.0,95.0,4
Granos De Choclo Amarillo Enteros Supercongelados,VEGETALES Y FRUTAS,81.9,3.2,12.3,1.7,2.8,3.8,0.5,4
"Mezcla De Arvejas Secas Remojadas, Papa Y Zanahoria",VEGETALES Y FRUTAS,83.1,4.8,14.6,0.6,2.4,0.6,6.0,4
Ricotta,QUESOS,146.7,11.0,4.8,11.8,0.0,4.7,50.0,4
Cafe Tostado Molido En Capsulas,CAFÉ Y SUCEDÁNEOS,344.8,12.6,34.5,18.6,,,89.3,4
Salsa Picante A Base De Tomate,SALSAS Y ADEREZOS,44.2,2.6,5.0,1.5,2.3,1.7,265.7,4
Almidón De Maíz,CEREALES Y HARINAS,340.0,,85.0,,,,5.0,4
Fécula De Mandioca,CEREALES Y HARINAS,352.5,,87.5,,,,0.0,4
Confitura De Higo,CONFITURAS Y DULCES,205.0,1.5,50.0,0.0,3.0,45.0,0.0,4
Galletitas Dulces Sabor Chocolate Con Relleno Sabor Chocolate,GALLETITAS Y BARRAS,476.7,7.0,73.3,17.3,1.7,29.3,306.7,4
Obleas Rellenas Con Sabor A Vainilla,GALLETITAS Y BARRAS,462.1,4.1,75.9,16.0,1.4,41.4,236.2,4
Obleas Rellenas Con Sabor A Chocolate,GALLETITAS Y BARRAS,452.5,5.1,76.7,13.2,3.4,41.4,246.7,4
Surtido De Turrones Y Productos De Confitería,REPOSTERÍA Y CONFITERÍA,558.0,12.0,48.5,31.5,4.0,42.0,0.0,4
Queso Provolone,QUESOS,366.7,25.8,0.0,29.5,0.0,0.3,885.0,4
Caramelo Blando Con Aromatizante Artificial Sabor A Fresa,CARAMELOS Y GOLOSINAS,367.4,0.5,85.4,1.8,0.0,62.2,93.5,4
Pastillas De Goma Fantasía Ácidas Sabores Surtidos,CARAMELOS Y GOLOSINAS,323.2,5.6,76.7,,,53.5,64.9,4
Turrón De Jijona,REPOSTERÍA Y CONFITERÍA,547.5,16.5,40.4,35.0,4.6,35.0,0.0,4
Galletitas Dulces Sabor Vainilla Con Relleno Sabor Frutilla,GALLETITAS Y BARRAS,471.7,6.5,70.0,17.2,3.7,32.0,216.7,4
Galletitas Dulces Sabor Vainilla Con Relleno Sabor Crema,GALLETITAS Y BARRAS,460.0,6.3,70.0,17.0,3.7,32.0,216.7,4
Fideos De Sémola De Grano Duro,PASTAS,354.4,12.0,71.2,1.2,3.2,3.5,0.0,4
Producto A Base De Almidón De Trigo Para Dietas Especiales,SUPLEMENTOS Y DIETÉTICOS,358.1,0.6,76.5,2.8,11.0,8.8,255.0,4
Arroz Tipo Mediano Calidad 0000,CEREALES Y HARINAS,334.0,6.0,71.0,1.7,1.0,,0.0,4
Chupetin De Caramelo Duro Sabor A Manzana Verde,CARAMELOS Y GOLOSINAS,397.9,0.0,96.7,0.0,0.0,80.0,75.5,4
Aderezo A Base De Salsa De Soja,SALSAS Y ADEREZOS,90.0,2.2,20.0,0.0,0.0,20.0,2823.3,4
Snack A Base De Papa Sabor Pimiento Picante,CEREALES Y HARINAS,488.0,4.8,52.0,27.4,3.8,2.8,748.0,4
"Bombones De Chocolate Con Leche, Surtidos",CACAO Y CHOCOLATE,532.0,6.0,58.0,31.0,0.0,52.0,108.0,4
Confitura De Membrillo,CONFITURAS Y DULCES,233.0,0.0,56.8,0.0,0.5,52.5,21.0,4
"Caramelo Masticable Acido Sabor Frutal A Sandia, Manzana Y Melon",CARAMELOS Y GOLOSINAS,400.0,4.0,88.0,0.0,0.0,64.0,0.0,4
"Caramelo Masticable Acido Sabor Frutal A Frutilla, Arandano, Frambuesa Y Limon",CARAMELOS Y GOLOSINAS,400.0,4.0,88.0,0.0,0.0,64.0,0.0,4
Caramelo Masticable Acido Sabor Frutos Del Bosque,CARAMELOS Y GOLOSINAS,400.0,4.0,88.0,0.0,0.0,64.0,0.0,4
Aderezo Agridulce Con Anchoas Y Especias,SALSAS Y ADEREZOS,100.0,0.4,19.2,0.0,0.4,22.3,1100.0,4
"Pastillas De Goma De Fantasia Sabor Frutal A Frutilla, Manzana Y Anana",CARAMELOS Y GOLOSINAS,333.3,2.7,80.0,0.0,0.0,78.6,0.0,4
Arroz Blanco Tipo Mediano Calidad 0000,CEREALES Y HARINAS,354.0,6.6,80.4,0.0,0.0,,0.0,4
Chupetin De Caramelo Duro Acido Sabor A Durazno,CARAMELOS Y GOLOSINAS,409.1,0.0,100.0,0.0,0.0,61.2,64.7,4
Bombones De Chocolate Rellenos,CACAO Y CHOCOLATE,560.0,5.9,52.9,35.1,3.0,52.8,56.0,4
"Bombones De Chocolate Con Leche, Rellenos",CACAO Y CHOCOLATE,560.0,4.6,56.4,34.0,2.0,56.0,22.6,4
Chauchas Cortadas Medianas,VEGETALES Y FRUTAS,16.9,0.5,2.6,,0.8,,312.3,4
Queso Graso De Alta Humedad,QUESOS,367.9,23.2,,30.0,,,655.4,4
Jarabe De Arce,JARABES Y SIROPES,365.0,0.0,90.0,0.0,0.0,80.0,0.0,4
Caramelos Masticables Confitados Con Sabor Natural A Menta,CARAMELOS Y GOLOSINAS,366.2,,88.4,1.9,,69.3,0.0,4
Producto A Base De Sémola De Trigo Duro Precocido,CEREALES Y HARINAS,353.0,12.0,70.0,1.8,3.8,2.6,15.0,4
Cobertura De Chocolate Amargo,CACAO Y CHOCOLATE,518.0,7.6,36.0,39.2,11.2,,0.0,4
Cobertura De Chocolate Con Leche,CACAO Y CHOCOLATE,558.0,7.2,52.0,35.6,2.0,,116.0,4
Alcaparras En Vinagre De Alcohol,VEGETALES Y FRUTAS,30.0,2.0,5.3,0.7,4.0,,1883.3,4
Chicle Sabor A Tutti Frutti Colores Surtidos,CARAMELOS Y GOLOSINAS,296.4,0.0,72.7,0.0,0.0,,0.0,4
Chiles En Salsa Escabechada,VEGETALES Y FRUTAS,20.0,1.0,2.0,0.0,2.0,0.0,1111.0,4
Brócoli Supercongelado,VEGETALES Y FRUTAS,27.1,2.9,2.7,0.3,3.0,1.9,13.7,4
Chocolate Amargo Saborizado Con Naranja,CACAO Y CHOCOLATE,535.3,9.0,43.4,35.6,13.5,27.1,34.4,4
"Alimento Para Propósitos Médicos Específicos Líquido, Dietético",SUPLEMENTOS Y DIETÉTICOS,74.7,11.5,5.1,0.9,0.0,3.4,59.9,4
Papas Prefritas Baston Supercongeladas,VEGETALES Y FRUTAS,127.1,2.2,20.0,4.3,2.9,0.1,38.8,4
Manies Tostados Y Salados,VEGETALES Y FRUTAS,612.0,25.2,18.0,52.0,7.2,,336.0,4
Queso Edam,QUESOS,318.3,25.3,0.0,23.8,0.0,0.0,1030.0,4
Confitura De Frutillas,CONFITURAS Y DULCES,212.5,0.0,52.5,0.0,0.0,48.0,0.0,4
Confitura De Cerezas,CONFITURAS Y DULCES,222.5,0.5,55.0,0.0,1.0,55.0,0.5,4
Pasta Seca A Base De Arroz,PASTAS,350.0,6.0,82.9,1.0,2.0,,10.0,4
"Surtido De Golosinas - Bocaditos De Diversos Rellenos, Y Mani Entero Y Caramelizado, Recubiertos Con Baño De Reposteria Y De Fantasia Sabor Chocolate",CARAMELOS Y GOLOSINAS,508.0,4.5,65.0,29.2,7.2,,16.2,4
Cacao En Polvo Dulce,CACAO Y CHOCOLATE,390.0,6.0,70.0,10.5,5.2,60.0,87.5,4
"Polvo Para Preparar Bebida Sin Alcohol A Base De Leche Y Cafe Soluble, En Capsulas",BEBIDAS ANALCOHÓLICAS,420.6,22.2,40.5,17.5,,29.4,380.9,4
Caramelos Duros Acidos Sabor A Frutilla,CARAMELOS Y GOLOSINAS,380.0,,94.0,,,14.0,0.0,4
Pan Lacteado Congelado,MASAS Y PANADERÍA,280.0,6.8,44.8,7.9,1.3,3.0,334.2,4
Frutas Secas Surtidas Tostadas Y Saladas,VEGETALES Y FRUTAS,608.0,25.2,18.0,52.0,7.2,,304.0,4
Queso Parmesano Rallado,QUESOS,410.0,34.0,6.0,32.0,,,1500.0,4
Caramelos Líquidos Ácidos Sabores Surtidos,CARAMELOS Y GOLOSINAS,265.0,0.0,65.0,0.0,0.0,60.0,115.0,4
"Queso De Leche De Oveja, Graso De Mediana Humedad",QUESOS,425.0,23.3,4.0,36.7,,5.0,670.0,4
Huevo De Chocolate Con Leche. Con Aromatizante Identico Al Natural Vainillina,CACAO Y CHOCOLATE,524.8,6.5,57.4,29.7,,57.4,110.9,4
Concentrado Simple De Tomates,VEGETALES Y FRUTAS,53.3,5.2,8.0,0.0,2.5,7.0,36.7,4
Pasta Dulce Con Avellanas Y Cacao,REPOSTERÍA Y CONFITERÍA,535.0,6.5,60.0,31.0,3.0,,42.0,4
Suplemento Dietario Dietetico A Base De Proteinas Y Fibra,SUPLEMENTOS Y DIETÉTICOS,393.6,22.5,30.8,18.4,12.1,2.5,402.5,4
Aderezo Agridulce A Base De Tomate Y Especias Sabor Ahumado,SALSAS Y ADEREZOS,162.5,1.2,40.4,,2.1,,1191.7,4
Queso Fundido Sabor Cheddar En Fetas,QUESOS,245.0,14.2,11.3,14.7,0.0,7.0,1576.7,4
Maiz Para Preparar Popchoclo En Microondas Sabor Manteca,VEGETALES Y FRUTAS,448.8,10.0,66.0,16.4,10.3,,718.0,4
Fideos De Sémola De Trigo Duro,PASTAS,351.2,13.8,70.0,1.2,3.0,4.0,7.5,4
Pastillas De Goma Fantasia Sabor Frutilla,CARAMELOS Y GOLOSINAS,315.0,5.2,72.5,0.0,0.0,,57.3,4
"Suplemento Dietario En Polvo Dietetico Para Preparar Bebida A Base De Leucina, Isoleucina Y Valina",SUPLEMENTOS Y DIETÉTICOS,65.8,,11.8,,,,0.0,4
Alimento Para Propósitos Médicos Específicos En Polvo Para Niños Mayores De 8 Años Y Adultos,SUPLEMENTOS Y DIETÉTICOS,297.0,,34.0,0.0,0.0,3.1,560.0,4
Duraznos En Trozos Comunes En Jarabe Concentrado,VEGETALES Y FRUTAS,68.6,0.5,18.9,,1.0,,8.9,4
Peras En Mitades Comunes En Jarabe Concentrado,VEGETALES Y FRUTAS,71.4,0.3,17.5,,1.6,18.6,14.6,4
Chocolate Con Leche De Cobertura,CACAO Y CHOCOLATE,552.0,7.0,54.0,34.6,2.4,52.0,102.0,4
Tomate Pelado Cubeteado En Jugo De Tomate,VEGETALES Y FRUTAS,20.8,1.1,3.0,0.3,0.8,,58.9,4
"Huevo De Chocolate Semiamargo Decorado, Relleno Con Caramelos Surtidos",CACAO Y CHOCOLATE,443.8,3.3,82.0,25.1,4.1,59.2,0.0,4
"Surtido De Chicles Confitados, Caramelos Blandos, Pastillas De Goma Fantasía Y Chupetines De Caramelo Duro",CARAMELOS Y GOLOSINAS,327.8,0.0,80.4,0.0,0.0,67.8,7.9,4
Suplemento Dietario En Polvo Dietetico Para Preparar Bebida A Base De Proteína De Suero,SUPLEMENTOS Y DIETÉTICOS,375.2,83.8,3.4,1.7,,,312.4,4
Tostadas,MASAS Y PANADERÍA,376.7,14.8,65.0,4.2,3.0,19.2,382.7,4
Turron De Mani,REPOSTERÍA Y CONFITERÍA,477.5,8.5,75.0,16.8,,65.0,0.0,4
Pastillas De Goma De Fantasia Sabor A Vainilla,CARAMELOS Y GOLOSINAS,313.3,1.8,73.3,0.0,0.0,70.0,5.0,4
Pulpa De Manzana,JUGOS,75.2,0.0,17.6,0.0,0.0,12.0,4.5,4
"Alimento Para Propósitos Médicos Específicos En Polvo, Para Niños De 1 A 10 Años",SUPLEMENTOS Y DIETÉTICOS,371.0,28.0,31.0,13.0,11.0,3.2,346.7,4
Pan Para Hamburguesa,MASAS Y PANADERÍA,263.6,6.9,50.1,4.1,2.4,16.2,292.3,4
Helado De Agua Sabor A Manzana,HELADOS,77.5,0.0,19.2,0.0,0.0,20.0,0.0,4
Bizcochos Dulces,GALLETITAS Y BARRAS,425.0,6.0,54.8,18.3,1.5,,169.6,4
Quinua,CEREALES Y HARINAS,337.8,8.9,61.1,5.9,2.2,3.0,13.3,4
Grasa Bovina,ACEITES Y GRASAS,900.0,,,99.0,,,5.0,4
Azucar Rubio Organico,AZÚCARES Y EDULCORANTES,400.0,,100.0,,,100.0,0.0,4
Helado Sabor A Vainilla,HELADOS,125.0,2.8,18.3,2.5,0.0,26.7,41.7,4
Azúcar Rubio,AZÚCARES Y EDULCORANTES,390.0,0.0,96.0,0.0,0.0,92.0,0.0,4
Maiz Pisado,CEREALES Y HARINAS,355.0,8.6,75.0,4.6,1.0,0.0,0.0,4
Helado Sabor Americana,HELADOS,160.0,4.1,26.2,4.2,0.0,25.0,55.0,4
Mermelada De Guayaba,CONFITURAS Y DULCES,272.5,,65.0,,3.2,75.0,0.0,4
Helado Sabor Frutilla,HELADOS,152.7,3.6,24.5,4.5,5.4,25.0,48.7,4
Higo En Almibar,CONFITURAS Y DULCES,206.8,0.5,51.4,,0.8,48.6,0.0,4
Mamon En Almibar,CONFITURAS Y DULCES,188.6,,46.8,,2.1,45.4,0.0,4
"Salsa A Base De Tomate, Cebolla, Aceite De Girasol, Ajo Y Orégano",VEGETALES Y FRUTAS,56.7,1.2,8.5,2.0,1.3,5.8,333.3,4
Pepinitos En Vinagre De Alcohol,VEGETALES Y FRUTAS,12.0,0.0,1.3,0.0,1.0,1.4,810.0,4
Extracto Doble De Tomate,VEGETALES Y FRUTAS,126.7,7.0,28.0,,5.0,38.0,320.0,4
"Salsa A Base De Tomate, Cebolla, Pimiento, Aceite De Girasol, Ajo, Romero Y Albahaca",VEGETALES Y FRUTAS,58.3,1.3,8.8,2.0,1.5,6.5,466.7,4
Aceitunas Verdes Rellenas Con Almendras En Aceite De Girasol,VEGETALES Y FRUTAS,242.5,3.0,14.0,22.2,0.0,12.5,1440.0,4
Yerba Mate Elaborada Con Palo Para Terere,TÉ E INFUSIONES,64.0,2.1,14.9,0.0,1.5,4.6,15.0,4
Fideos Al Huevo,PASTAS,281.0,9.4,54.5,1.0,1.8,0.0,360.1,4
Arvejas,VEGETALES Y FRUTAS,311.7,21.7,55.8,2.8,11.7,3.3,16.7,4
Lentejon,VEGETALES Y FRUTAS,360.8,21.7,60.8,0.6,5.3,2.0,63.3,4
Harina De Maiz,CEREALES Y HARINAS,355.0,7.6,77.0,0.9,3.3,0.0,13.5,4
Semillas De Sésamo,SEMILLAS Y FRUTOS SECOS,576.7,18.7,19.0,49.0,13.0,0.0,0.0,4
Pasas De Uva En Grano,VEGETALES Y FRUTAS,316.7,1.8,81.0,0.5,2.2,65.3,54.0,4
Ajo Deshidratado,VEGETALES Y FRUTAS,310.0,14.0,61.5,0.0,0.0,30.0,0.0,4
Arroz Parboil Tipo Largo Fino Calidad 00000,CEREALES Y HARINAS,336.0,7.0,78.0,0.0,1.9,0.0,0.0,4
Pan Congelado,MASAS Y PANADERÍA,214.0,4.3,41.0,5.4,0.5,3.2,240.0,4
Pan De Viena Congelado,MASAS Y PANADERÍA,243.0,4.0,42.0,6.3,0.9,2.0,190.0,4
Dulce De Naranja,CONFITURAS Y DULCES,260.0,1.8,65.0,0.0,0.0,59.8,0.0,4
Facturas,SIN CATEGORÍA,375.0,9.0,65.5,8.9,2.0,14.7,203.8,4
Alfajor Relleno De Dulce De Leche,GALLETITAS Y BARRAS,354.3,6.0,50.5,12.2,0.7,22.5,101.9,4
Helado De Crema Sabor Frutos Del Bosque,HELADOS,191.8,3.3,28.0,7.9,0.1,25.1,42.4,4
Mermelada De Grosella,CONFITURAS Y DULCES,240.0,0.0,60.0,0.0,0.0,60.0,0.0,4
Mermelada De Cassis,CONFITURAS Y DULCES,205.0,0.0,54.2,0.0,3.5,49.0,0.0,4
Mermelada De Calafate,CONFITURAS Y DULCES,220.0,5.0,55.0,,5.0,47.5,0.0,4
Mermelada De Arándano,CONFITURAS Y DULCES,240.0,0.0,60.0,0.0,,55.0,0.0,4
Helado De Agua Sabor Frutilla Aromatizado Con Esencia Artificial,HELADOS,77.5,0.0,19.2,0.0,0.0,20.0,0.0,4
Helado De Agua Sabor A Limón,HELADOS,111.7,,27.5,,,26.8,11.0,4
Helado De Agua Sabor Frambuesa,HELADOS,127.3,0.0,31.2,0.0,1.5,20.0,0.0,4
Helado De Crema De Chocolate Blanco,HELADOS,205.8,3.8,25.8,8.7,0.0,25.0,62.5,4
Pan Para Pancho,MASAS Y PANADERÍA,248.0,6.4,50.0,1.8,1.4,24.4,360.0,4
Pan Para Pebete,MASAS Y PANADERÍA,236.0,6.4,48.0,1.8,1.0,44.0,358.0,4
Harina De Fruto De Algarrobo Blanco,CEREALES Y HARINAS,322.7,8.3,73.0,1.4,22.0,60.0,17.5,4
Helado De Agua Sabor Artificial A Uva,HELADOS,69.2,,17.3,,,14.5,0.0,4
Helado De Agua Sabor Artificial A Vainilla,HELADOS,69.2,,17.3,,,14.5,0.0,4
Porotos Rojos Secos Remojados,VEGETALES Y FRUTAS,73.8,6.0,11.5,0.0,6.3,0.9,36.2,4
Crema Helada Sabor Vainilla,HELADOS,196.5,3.6,22.9,8.7,0.2,20.8,53.2,4
Crema Helada Sabor Americana,HELADOS,191.7,4.3,23.4,7.9,,20.8,59.2,4
Polen,CONFITURAS Y DULCES,380.5,16.8,60.0,6.8,4.5,75.2,0.0,4
Producto De Copetin A Base De Harina De Trigo,GALLETITAS Y BARRAS,346.0,8.0,54.0,12.0,2.4,0.0,826.0,4
Masa Congelada A Base De Fécula De Mandioca Y Queso Para Preparar Chipa,MASAS Y PANADERÍA,560.0,5.8,36.0,20.7,0.2,,526.0,4
"Huevo De Chocolate Con Leche Aromatizado Con Vainillina, Relleno Con Chocolate Con Leche Confitado",CACAO Y CHOCOLATE,545.3,7.6,55.3,32.3,0.4,54.7,72.7,4
Manteca De Maní,VEGETALES Y FRUTAS,587.5,24.8,10.5,49.0,9.2,5.2,135.0,4
Salsa Golf,SALSAS Y ADEREZOS,350.0,0.0,12.5,33.3,0.0,8.5,789.6,4
"Queso Reggianito Rallado, Sin Deshidratar",QUESOS,390.0,38.0,9.8,26.0,0.3,0.0,1140.0,4
Mermelada De Naranja Reducida En Calorias,CONFITURAS Y DULCES,137.5,2.0,33.8,0.6,0.8,23.8,0.0,4
Endulzante De Mesa. Alimento Dietetico,AZÚCARES Y EDULCORANTES,0.0,0.0,93.8,0.0,0.0,93.8,0.0,4
Conserva De Porotos Alubia Secos Remojados,VEGETALES Y FRUTAS,85.4,5.8,13.8,0.9,3.6,0.7,141.2,4
Confitura De Ciruela,CONFITURAS Y DULCES,267.5,,65.0,,3.0,45.2,0.0,4
Hamburguesa De Carne De Cordero,COMIDAS PREPARADAS,124.0,17.9,3.5,4.2,1.1,0.1,320.8,4
Pulpa De Sauco Congelada,VEGETALES Y FRUTAS,48.3,0.5,9.1,0.0,2.8,9.1,0.0,4
Calamares En Escabeche,CONSERVAS DE PESCADO Y MAR,172.3,7.5,3.6,13.3,1.7,0.6,297.5,4
"Confitura De Frambuesa, Cassis, Corinto, Grosella Y Zarzamora",CONFITURAS Y DULCES,270.0,,70.0,,,70.0,0.0,4
Confitura De Corinto,CONFITURAS Y DULCES,265.0,0.0,65.0,0.0,4.0,65.0,0.0,4
Helado De Crema Sabor Chocolate Blanco,HELADOS,153.3,1.8,21.7,5.5,0.2,21.7,21.5,4
Jugo De Manzana,JUGOS,57.5,0.3,14.2,0.6,1.1,11.4,0.0,4
Chocolate Con Leche Con Maní,CACAO Y CHOCOLATE,566.0,10.8,42.1,37.6,2.0,40.0,83.0,4
Alfajor De Dulce De Leche,ALFAJORES,395.0,6.3,60.7,9.3,0.5,32.2,126.7,4
Dulce De Arandanos,CONFITURAS Y DULCES,249.0,0.2,64.0,0.0,0.8,65.0,0.0,4
Pan De Molde Integral Con Semillas,MASAS Y PANADERÍA,272.2,8.3,49.0,5.3,5.3,4.7,404.1,4
Milanesa De Carne Vacuna,CARNES Y CHACINADOS,190.4,14.6,29.2,2.1,0.5,2.7,542.0,4
Dulce De Pera,CONFITURAS Y DULCES,205.0,0.0,47.2,0.0,2.5,46.2,0.0,4
Torta Negra Galesa,GALLETITAS Y BARRAS,338.3,4.6,55.6,10.5,1.8,30.8,138.3,4
Helado De Crema De Frambuesa,HELADOS,159.7,3.0,21.8,5.9,1.2,18.3,40.8,4
Comida Preparada Congelada Libre De Gluten,PASTAS,312.0,6.0,25.8,8.2,,,250.0,4
Batatitas En Almibar,CONFITURAS Y DULCES,271.8,0.0,67.5,0.0,1.4,57.5,37.5,4
Mermelada De Naranjas,CONFITURAS Y DULCES,265.0,,65.0,,,57.5,0.0,4
Queso Reggianito,QUESOS,386.7,31.5,,28.5,,,843.3,4
Queso Danbo,QUESOS,353.3,26.0,0.0,27.3,0.0,0.0,411.7,4
Garrapiñadas De Mani,REPOSTERÍA Y CONFITERÍA,500.0,16.2,44.0,32.4,7.6,40.0,0.0,4
Duraznos Amarillos En Trozos Comunes En Jarabe Diluído,VEGETALES Y FRUTAS,62.1,0.5,15.0,0.0,1.2,14.3,15.0,4
Galletitas Dulces Con Miel,GALLETITAS Y BARRAS,408.3,6.8,66.7,15.7,2.3,23.3,190.0,4
Fideos Secos De Harina De Maiz Y Arroz,PASTAS,360.0,5.0,81.2,1.2,2.1,,0.0,4
Peras En Mitades Desecadas Medianas Elegidas,VEGETALES Y FRUTAS,268.0,1.6,64.0,1.6,11.6,66.0,133.0,4
Tomates Pelados Peritas Enteros Comunes Con Albahaca,VEGETALES Y FRUTAS,19.2,1.0,3.5,,1.7,2.5,37.7,4
Pan Ingles,MASAS Y PANADERÍA,253.0,8.1,51.0,1.1,2.0,6.2,302.0,4
Duraznos Enteros Comunes Con Carozo En Jarabe Diluido,VEGETALES Y FRUTAS,61.8,0.5,15.0,0.0,0.6,13.6,16.8,4
Pulpa De Pera,JUGOS,82.2,0.0,19.0,0.0,1.9,11.1,7.8,4
Almendras Sin Cascara Medianas Grado Elegido,VEGETALES Y FRUTAS,596.7,20.7,17.3,50.0,3.3,4.7,30.0,4
Semillas De Chía,VEGETALES Y FRUTAS,356.7,20.7,4.3,29.3,33.3,4.7,6.0,4
Chorizo Fresco Con Soja,CARNES Y CHACINADOS,301.0,14.8,11.8,23.0,,0.0,832.0,4
Mermelada De Frutilla Con Esencia Artificial De Frutilla,CONFITURAS Y DULCES,260.0,0.0,65.0,0.0,1.5,60.0,33.0,4
Mermelada De Ciruela Con Esencia Artificial De Ciruela,CONFITURAS Y DULCES,265.0,0.0,65.0,0.0,0.0,60.0,15.0,4
Polvo Para Preparar Postre Con Aromatizante Artificial De Vainilla,POSTRES,248.3,3.0,56.2,0.4,0.0,20.8,52.3,4
"Mix De Helado De Crema Sabor Vainilla, Helado De Crema Sabor Frutilla, Aromatizados Con Esencia Artificial Y Helado De Crema De Chocolate",HELADOS,173.3,2.2,25.0,7.3,,21.7,28.3,4
Pulpa De Manzana Con Azucar,JUGOS,102.0,0.0,24.0,0.0,1.4,19.2,20.0,4
Galletitas Dulces Con Aromatizante Artificial De Vainilla,GALLETITAS Y BARRAS,420.0,6.8,65.0,15.5,2.7,23.5,156.7,4
Aceite De Pepita De Uva,ACEITES Y GRASAS,823.1,0.0,0.0,92.3,0.0,0.0,0.0,4
Tortita Raspada,MASAS Y PANADERÍA,580.0,8.5,60.0,11.0,2.5,5.0,455.0,4
Mermelada De Manzana Con Canela,CONFITURAS Y DULCES,267.5,0.0,65.0,0.0,0.0,62.5,0.0,4
Ajies Picantes En Vinagre De Alcohol,VEGETALES Y FRUTAS,18.0,0.0,3.1,0.0,3.7,1.2,139.0,4
Conserva De Pimientos Agridulces En Aceite De Girasol,VEGETALES Y FRUTAS,356.0,1.4,9.0,34.0,2.8,,274.0,4
Aderezo A Base De Ajo,SIN CATEGORÍA,130.8,4.0,19.2,0.8,0.0,28.7,185.8,4
Aderezo A Base De Vinagre De Vino Con Mosto Concentrado De Uva,SALSAS Y ADEREZOS,250.0,,60.8,,,,175.0,4
"Aceitunas Verdes En Salmuera Calidad Iii Grupo A,B,C,D,E,F",VEGETALES Y FRUTAS,145.0,,4.0,13.5,,,1555.0,4
Pasas De Uva En Grano Sin Semillas Grado Elegido,VEGETALES Y FRUTAS,316.7,3.2,73.3,0.7,4.2,50.0,38.3,4
Masa Para Empanadas,MASAS Y PANADERÍA,304.0,5.6,52.0,8.0,0.8,22.0,636.0,4
Tomates Pelados Peritas Enteros Comunes Libre De Gluten,VEGETALES Y FRUTAS,17.3,0.8,3.0,0.0,0.9,2.6,23.8,4
Pasta De Mani,VEGETALES Y FRUTAS,595.0,25.2,15.2,49.0,8.8,4.0,9.0,4
Batatas En Almíbar,CONFITURAS Y DULCES,243.8,2.0,57.5,0.0,3.8,42.0,0.0,4
Cerezas Descarozadas En Almibar Con Sabor A Marraschino,CONFITURAS Y DULCES,220.0,0.0,55.0,0.0,0.0,55.0,60.0,4
Galletas De Miel,GALLETITAS Y BARRAS,396.7,6.5,65.8,10.0,1.2,18.0,211.7,4
Mezcla De Especias Ahumadas,CONDIMENTOS Y ESPECIAS,310.0,10.0,42.5,38.5,22.5,,80.0,4
Helado De Agua Sabor Naranja Aromatizado Con Esencia Artificial,HELADOS,85.0,,21.7,,,20.0,0.0,4
Zapallitos En Almibar,CONFITURAS Y DULCES,240.4,0.0,60.0,0.0,0.9,45.0,4.0,4
Confitura De Ruibarbo,CONFITURAS Y DULCES,196.0,0.5,49.2,0.0,1.5,45.5,3.5,4
Dulce De Ruibarbo,CONFITURAS Y DULCES,257.5,0.0,66.0,0.0,0.0,67.5,0.0,4
Helado De Crema Sabor Dulce De Leche Granizado,HELADOS,188.3,3.6,24.2,7.8,,25.0,85.0,4
Producto De Repostería,MASAS Y PANADERÍA,386.7,3.7,59.2,13.3,1.7,,175.0,4
Chocolate Blanco En Rama,CACAO Y CHOCOLATE,566.0,8.0,54.0,35.2,0.0,48.0,124.3,4
Pan Tipo Frances,MASAS Y PANADERÍA,258.0,7.8,54.0,1.5,2.0,,510.0,4
Tortilla De Trigo Cruda Supercongelada,MASAS Y PANADERÍA,390.6,8.5,51.5,17.1,1.5,0.0,272.1,4
Pasta De Maní,VEGETALES Y FRUTAS,592.5,25.5,14.2,49.0,8.0,,4.8,4
Maiz Pisado Amarillo,CEREALES Y HARINAS,352.0,7.2,77.0,1.2,2.1,,0.0,4
Queso Criollo Con Ají,QUESOS,301.7,23.2,3.8,21.7,0.0,3.3,523.3,4
Pasas De Uva En Grano Sin Semilla. Variedad Sultanina. Grado Elegido,VEGETALES Y FRUTAS,320.0,2.0,76.7,0.7,3.7,60.0,26.7,4
Pasas De Uva En Grano Sin Semilla,VEGETALES Y FRUTAS,324.2,1.3,78.0,0.5,2.7,,57.9,4
"Barra De Cereales A Base De Texturizado De Arroz, Avena, Yogurt Y Semillas De Sésamo, Sabor Frutilla, Fortificada Con Vitaminas Y Minerales",SUPLEMENTOS Y DIETÉTICOS,376.8,7.2,67.8,8.8,4.0,20.8,112.0,4
"Barra De Cereales A Base De Texturizado De Arroz, Avena, Manzana Y Semillas De Sésamo, Sabor Manzana, Fortificada Con Vitaminas Y Minerales",SUPLEMENTOS Y DIETÉTICOS,375.5,5.8,70.0,8.8,4.1,20.8,104.0,4
"Facturas De Panadería: Facturas Con Membrillo Y Crema Pastelera, Medialunas Rellenas Con Dulce De Leche",MASAS Y PANADERÍA,365.0,5.2,42.5,19.2,,,320.0,4
Galletas Semoladas,GALLETITAS Y BARRAS,390.0,7.2,56.7,14.8,2.2,0.0,733.3,4
Helado De Agua Sabor Granadina,HELADOS,114.4,,28.6,,,31.7,0.0,4
Alfeñiques De Miel De Caña,CARAMELOS Y GOLOSINAS,380.0,0.0,95.0,0.0,0.0,95.0,0.0,4
Arvejas Secas Enteras,VEGETALES Y FRUTAS,338.3,23.3,58.3,1.3,13.5,3.0,15.8,4
Alfajor De Fruta Bañado Con Merengue,ALFAJORES,295.6,2.9,60.0,4.9,0.7,37.8,22.2,4
Conito De Dulce De Leche Bañado Con Chocolate,CACAO Y CHOCOLATE,355.6,5.8,57.8,11.3,1.1,46.7,86.7,4
Aceite De Oliva Virgen A Granel,ACEITES Y GRASAS,830.8,0.0,0.0,92.3,0.0,,0.0,3
Galleta Con Dulce De Leche Cubierto Con Baño De Reposteria Semiamargo,ALFAJORES,412.5,5.8,60.0,16.2,3.0,45.0,115.0,3
Galleta Con Dulce De Leche Cubierto Con Baño De Reposteria Fantasia Blanco,ALFAJORES,412.5,5.8,57.5,16.2,,45.0,112.5,3
Aceitunas Rellenas Con Pasta De Pimenton En Salmuera,VEGETALES Y FRUTAS,190.0,1.0,5.0,20.0,4.5,2.0,1770.0,3
Salsa De Tomate,VEGETALES Y FRUTAS,50.0,1.7,10.0,2.0,1.8,4.5,308.3,3
Barquillos Dulces Con Vainillina,GALLETITAS Y BARRAS,396.7,9.3,80.0,4.3,3.7,29.7,6.7,3
Aderezo A Base De Aceitunas Verdes Condimentadas,SALSAS Y ADEREZOS,226.7,0.4,0.0,24.7,0.0,0.0,586.7,3
Aderezo A Base De Aceitunas Verdes Con Ajo,SALSAS Y ADEREZOS,220.0,0.0,0.8,23.3,0.0,0.0,691.7,3
Tomates Pelados Enteros Comunes,VEGETALES Y FRUTAS,23.3,0.0,3.3,0.0,1.2,,0.0,3
Polvo Para Preparar Bebida Analcoholica Artificial Dietetica De Bajas Calorias Fortificada Con Vitamina C Sabor A Multifruta,SUPLEMENTOS Y DIETÉTICOS,333.3,,90.0,,,56.7,152.8,3
Polvo Para Preparar Bebida Analcoholica Artificial Dietetica De Bajas Calorias Fortificada Con Vitamina C Sabor A Ananá,SUPLEMENTOS Y DIETÉTICOS,333.3,,88.9,,,47.1,203.3,3
Polvo Para Preparar Bebida Analcoholica Artificial Dietetica De Bajas Calorias Fortificada Con Vitamina C Sabor A Limonada,SUPLEMENTOS Y DIETÉTICOS,333.3,,90.0,,,50.0,175.0,3
Polvo Para Preparar Bebida Analcoholica Artificial Dietetica De Bajas Calorias Fortificada Con Vitamina C Sabor A Manzana,SUPLEMENTOS Y DIETÉTICOS,312.5,,89.6,,,47.6,625.0,3
Cayote En Almibar,CONFITURAS Y DULCES,245.0,0.3,60.0,0.0,2.4,61.2,0.0,3
Aceite De Nuez,ACEITES Y GRASAS,900.0,0.0,0.0,100.0,0.0,0.0,0.0,3
Espinaca Deshidratada,VEGETALES Y FRUTAS,127.5,6.8,14.5,3.9,21.2,,25.0,3
Castañas De Caju,VEGETALES Y FRUTAS,582.0,18.2,30.1,43.9,4.0,,40.8,3
Miel Multifloral,CONFITURAS Y DULCES,330.0,,75.0,,,80.0,0.0,3
Polvo Para Preparar Bebida Analcoholica Artificial Dietetica De Bajas Calorias Fortificada Con Vitamina C Sabor A Naranja,SUPLEMENTOS Y DIETÉTICOS,312.5,,89.6,,,40.6,625.0,3
Polvo Para Preparar Postre De Gelatina Dietético De Bajo Valor Glucídico Sabor A Cereza,POSTRES,351.4,44.7,35.1,,,25.6,1757.2,3
Polvo Para Preparar Postre De Gelatina Dietético De Bajo Valor Glucídico Sabor A Frutilla,POSTRES,351.4,51.1,22.4,,,19.2,1789.1,3
Tapas Para Empanadas Horno,MASAS Y PANADERÍA,320.0,6.7,56.7,6.7,0.0,0.2,413.3,3
Bizcochos De Queso Crudos Congelados,GALLETITAS Y BARRAS,380.0,9.7,53.3,14.7,0.2,0.0,413.3,3
Alfajor De Maicena Relleno Con Dulce De Leche Cubierto Con Coco Rallado,MASAS Y PANADERÍA,427.5,7.5,67.5,15.0,2.0,37.5,150.0,3
Helado De Crema Sabor Crema Del Cielo,HELADOS,158.3,3.3,20.0,6.5,0.0,18.3,41.4,3
Medialunas Crudas Congeladas,MASAS Y PANADERÍA,353.5,5.9,43.1,17.5,1.4,5.1,375.0,3
Aceite De Soja,ACEITES Y GRASAS,830.8,,,92.3,,,0.0,3
Chipá Crudo Congelado,MASAS Y PANADERÍA,310.0,6.0,44.0,12.0,0.0,0.2,822.0,3
"Postre Congelado Sabor Dulce De Leche En Oblea Dulce, Relleno Con Dulce De Leche Y Recubierto Con Baño De Repostería",HELADOS,175.0,3.3,26.7,6.2,,14.8,186.7,3
Fideos Frescos,PASTAS,296.0,8.0,65.0,0.3,0.1,0.2,257.0,3
Pastas Frescas Rellenas Con Ricota,PASTAS,249.0,7.2,41.0,6.0,0.6,4.5,386.0,3
Primer Jugo Bovino,ACEITES Y GRASAS,890.0,0.0,0.0,99.0,0.0,0.0,400.0,3
Helado De Crema Sabor Banana Con Dulce De Leche,HELADOS,200.0,3.7,33.3,8.0,0.8,38.3,66.7,3
Helado De Leche Sabor A Frutilla,HELADOS,138.3,3.0,25.0,5.0,1.9,12.3,68.3,3
Helado De Agua Sabor Mandarina,HELADOS,108.3,0.0,26.7,0.0,0.0,25.0,11.7,3
Pastas Frescas-Ñoquis,PASTAS,216.0,5.2,42.0,2.8,1.2,0.0,399.0,3
Mermelada De Pomelo,CONFITURAS Y DULCES,240.0,0.0,60.0,0.0,0.0,56.5,0.0,3
Dulce De Zapallo,CONFITURAS Y DULCES,280.0,0.0,70.0,0.0,0.0,70.0,0.0,3
"Pastillas De Goma Fantasía Sabor Frutilla, Artificialmente Aromatizadas",CARAMELOS Y GOLOSINAS,372.5,3.8,87.5,,,73.8,20.0,3
Esparragos Tallos Cortos Blancos Tamaño Surtidos,VEGETALES Y FRUTAS,16.0,1.6,3.0,0.0,0.0,0.0,350.0,3
Manteca Calidad Extra Sin Sal,ACEITES Y GRASAS,740.0,,,82.0,,,0.0,3
Banana Deshidratada,VEGETALES Y FRUTAS,336.4,4.1,79.0,,3.2,38.4,22.0,3
Manteca Calidad Extra Con Sal,ACEITES Y GRASAS,740.0,,,82.0,,,740.0,3
Leche Uht Descremada,LÁCTEOS,30.5,3.0,4.7,0.3,,4.8,65.0,3
"Producto A Base De Harina De Trigo Y Aceite Vegetal, Precocido Y Aderezo Sabor A Pollo",COMIDAS PREPARADAS,97.9,2.6,13.1,4.1,1.0,0.2,250.0,3
Snacks A Base De Papa Sabor Barbacoa,GALLETITAS Y BARRAS,540.0,4.4,56.0,33.2,1.6,3.6,580.0,3
Pan Para Hamburguesa Supercongelado,MASAS Y PANADERÍA,277.3,9.7,48.0,4.8,3.1,4.9,433.3,3
Aceite De Oliva Virgen Extra En Spray,ACEITES Y GRASAS,823.1,0.0,0.0,92.3,0.0,0.0,0.0,3
"Bocaditos Rellenos, Recubiertos Con Baño De Reposteria Con Leche Y Baño De Reposteria Fantasia Blanco",CACAO Y CHOCOLATE,530.0,6.0,65.0,26.0,3.0,35.5,60.0,3
Producto Farinaceo Prensado Y Precocido A Base De Harina Y Grasa Vegetal Y Condimento Con Vegetales Deshidratados Y Aditivos Sabor Pollo,COMIDAS PREPARADAS,441.2,10.1,62.5,17.5,2.1,0.8,1805.0,3
Baño De Reposteria Dulce Con Aromatizante Identico Al Natural Vainilla,REPOSTERÍA Y CONFITERÍA,530.0,3.0,60.0,29.5,5.0,60.0,0.0,3
Aderezo Oleoso Agridulce Con Mostaza Y Miel,SALSAS Y ADEREZOS,180.0,,14.7,12.0,,10.7,800.0,3
Pastillas De Goma Fantasia Sabores Frutales Surtidos,CARAMELOS Y GOLOSINAS,369.6,5.7,87.0,0.0,0.0,56.5,39.1,3
Pan De Molde Integral En Rodajas,MASAS Y PANADERÍA,264.0,10.0,46.0,4.4,5.0,6.8,250.0,3
Pan De Molde En Rodajas,MASAS Y PANADERÍA,276.0,10.0,50.0,4.0,2.6,6.4,262.0,3
Bebida Analcoholica Artificial Con Sabor A Frutilla,BEBIDAS ANALCOHÓLICAS,38.5,,9.5,,0.6,9.5,5.5,3
Galletitas Dulces Sabor Cacao Con Relleno Sabor Chocolate,GALLETITAS Y BARRAS,490.0,7.3,73.3,18.7,2.0,33.0,200.0,3
Galletitas Saladas Con Semillas De Sésamo,GALLETITAS Y BARRAS,460.0,10.7,63.3,19.0,4.0,4.5,833.3,3
Galletitas Dulces Sabor A Leche,GALLETITAS Y BARRAS,443.2,9.2,76.9,11.0,,23.1,337.0,3
Snack A Base De Papa Sabor Picante,GALLETITAS Y BARRAS,508.0,4.4,56.0,28.8,4.0,2.8,668.0,3
Chips De Banana,VEGETALES Y FRUTAS,440.0,3.3,66.4,21.7,6.7,18.9,2.0,3
Remolachas En Cubos,VEGETALES Y FRUTAS,36.9,1.2,7.3,0.0,2.3,5.8,236.2,3
Zanahorias Enteras Y Arvejas Verdes,VEGETALES Y FRUTAS,39.2,2.5,6.0,0.6,4.0,3.2,192.3,3
Galletitas Dulces Sabor Vainilla Recubiertas Con Baño De Reposteria,GALLETITAS Y BARRAS,486.7,6.0,63.3,23.3,2.3,30.0,26.7,3
"Postre Congelado A Base De Pulpa De Acai Y Azucar, Con Sabor A Guarana",HELADOS,126.7,1.0,21.7,4.0,1.8,21.7,36.7,3
Aros De Cebolla Rebozados Prefritos Supercongelados,VEGETALES Y FRUTAS,222.3,3.6,27.1,10.9,2.9,3.6,160.0,3
Mezcla A Base De Cereales Y Azucar Con Pasas De Uva Y Trozos De Almendras,CEREALES Y HARINAS,425.0,10.0,70.0,14.3,7.0,27.5,120.0,3
Salsa A Base De Tomate Con Pimiento Picante,SALSAS Y ADEREZOS,63.3,1.8,10.7,3.3,1.7,6.1,315.0,3
Coliflor Supercongelado,VEGETALES Y FRUTAS,22.0,1.5,1.1,0.5,2.7,2.4,15.0,3
Aderezo Deshidratado Con Especias Y Vegetales Deshidratados,SALSAS Y ADEREZOS,151.0,30.7,0.1,3.1,,,133.6,3
Habas Supercongeladas,VEGETALES Y FRUTAS,59.0,5.8,5.5,0.8,4.8,1.3,15.0,3
Galletitas Sabor A Manteca Y Queso,GALLETITAS Y BARRAS,446.7,8.0,70.0,15.0,3.0,13.0,646.7,3
Harina De Trigo Para Pasteleria,CEREALES Y HARINAS,324.0,13.0,68.0,,2.0,1.6,0.0,3
Choclo Supercongelado,VEGETALES Y FRUTAS,74.0,2.5,12.0,1.4,2.5,8.1,1.0,3
Crackers,GALLETITAS Y BARRAS,420.0,7.3,80.0,9.3,3.0,0.3,323.3,3
Cerveza Extra,BEBIDAS ALCOHÓLICAS,46.0,,4.2,,,,,3
"Comida Preparada A Base De Palmitos, Vegetales Y Especias, Precocida",COMIDAS PREPARADAS,116.0,3.6,11.0,6.5,2.3,2.4,525.0,3
"Pastillas De Goma De Fantasía Sabor Ananá, Frutilla Y Manzana Verde, Artificialmente Aromatizadas",CARAMELOS Y GOLOSINAS,322.2,,80.0,,,52.2,0.0,3
Caramelo Líquido Ácido Sabor Frutilla Artificialmente Aromatizado,CARAMELOS Y GOLOSINAS,225.0,,57.5,,,31.2,0.0,3
Producto A Base De Harina De Trigo Precocida Con Sabor A Vegetales,COMIDAS PREPARADAS,421.5,9.4,47.7,21.2,8.3,1.2,1047.7,3
"Pasta Cremosa A Base De Leche, Aceite Vegetal Y Cacao Con Bocaditos Sabor Vainilla Y Chocolate",CARAMELOS Y GOLOSINAS,558.3,0.0,59.2,33.3,91.7,34.2,89.2,3
"Jalea De Fantasia De Baja Humedad Sabor A Manzana, Limon, Naranja, Uva Y Frutilla",CARAMELOS Y GOLOSINAS,340.0,5.0,80.0,,,65.0,0.0,3
Chupetín De Caramelo Duro Sabor A Frutilla Y Manzana Verde Artificialmente Aromatizado,CARAMELOS Y GOLOSINAS,370.0,,83.0,,,52.0,0.0,3
Obleas Dulces Con Relleno Sabor Chocolate,GALLETITAS Y BARRAS,557.7,4.6,57.7,33.9,2.3,36.1,119.2,3
Croquetas A Base De Papa Prefritas Congeladas,VEGETALES Y FRUTAS,155.3,2.9,22.4,5.3,2.8,0.0,309.4,3
Salsa Agridulce Y Picante A Base De Tomate Y Especias,SALSAS Y ADEREZOS,76.9,0.8,16.9,,0.8,12.3,938.5,3
Almendras Tostadas Y Saladas,VEGETALES Y FRUTAS,600.0,20.0,6.7,53.3,10.0,4.0,440.0,3
Anana En Trozos,VEGETALES Y FRUTAS,85.7,1.2,20.7,,0.7,20.0,3.6,3
Pastillas De Goma Fantasia Sabor A Vainilla,CARAMELOS Y GOLOSINAS,295.0,4.0,65.0,1.5,0.0,53.9,40.0,3
"Bebida Analcohólica A Base De Azucar, Leche Entera Y Café",BEBIDAS ANALCOHÓLICAS,65.1,1.0,13.1,1.0,0.0,12.1,31.5,3
Galletitas Snack,GALLETITAS Y BARRAS,394.4,7.8,77.8,3.9,7.8,2.7,272.2,3
Chocolate Semiamargo Con Leche Con Avellanas,CACAO Y CHOCOLATE,576.0,8.8,48.0,40.0,3.2,44.0,78.0,3
Peras En Mitades Grado Comun En Jarabe Concentrado,VEGETALES Y FRUTAS,88.6,0.4,22.1,,1.0,19.3,7.1,3
Aceitunas Verdes Rellenas Con Pasta A Base De Salmon Con 42% De Producto,VEGETALES Y FRUTAS,180.0,4.8,0.0,19.0,0.0,0.0,1415.0,3
Tomates Secos En Aceite Vegetal Con Especias,VEGETALES Y FRUTAS,260.0,3.2,11.2,21.5,4.2,6.2,1355.0,3
Queso De Leche De Vaca Y De Oveja Semi Graso De Mediana Humedad,QUESOS,376.7,23.3,,30.0,,,630.0,3
Barra De Chocolate Con Leche Rellena,CACAO Y CHOCOLATE,561.9,8.6,52.4,35.2,0.0,52.4,123.8,3
Caramelo Masticable Relleno Sabor A Frutilla,CARAMELOS Y GOLOSINAS,355.0,0.0,86.7,0.0,0.0,65.0,233.3,3
Galletitas Dulces Con Relleno Sabor Chocolate,GALLETITAS Y BARRAS,466.7,6.7,66.7,20.0,2.0,33.2,233.3,3
Mezcla A Base De Cereales Con Banana Y Manzana,CEREALES Y HARINAS,395.0,9.5,60.0,13.0,8.2,16.8,40.0,3
"Mezcla A Base De Cereales Con Pasas De Uva, Sabor A Miel",CEREALES Y HARINAS,395.0,9.2,60.0,13.0,8.0,20.2,45.0,3
"Mezcla A Base De Cereales Con Mani Y Castaña De Caju, Sabor A Miel",CEREALES Y HARINAS,412.5,10.0,57.5,16.0,8.0,16.8,42.5,3
Tomates Pelados Peritas En Trozos,VEGETALES Y FRUTAS,20.0,1.0,3.0,0.5,1.3,2.0,26.9,3
"Pasta Dulce Untable A Base De Azucar, Aceite Vegetal Saborizada Con Cacao, Leche Y Avellanas",REPOSTERÍA Y CONFITERÍA,525.0,3.5,65.0,28.0,3.0,65.0,50.0,3
"Suplemento Dietario A Base De Proteinas, En Polvo, Para Personas Que Realizan Ejercicio Físico",SUPLEMENTOS Y DIETÉTICOS,352.1,86.2,3.5,0.0,0.0,3.5,246.5,3
Galletas Tostadas Saladas,GALLETITAS Y BARRAS,380.0,11.3,66.7,7.3,2.7,6.0,523.3,3
Galletitas Dulces Sabor Chocolate Con Relleno Sabor Vainilla,GALLETITAS Y BARRAS,466.7,6.7,67.7,20.0,2.0,31.2,251.6,3
Queso Mascarpone,QUESOS,415.0,4.5,5.0,42.0,0.0,5.0,50.0,3
Obleas Rellenas Con Sabor Chocolate Y Menta,GALLETITAS Y BARRAS,469.0,4.5,73.3,16.9,4.1,40.0,255.2,3
"Producto A Base De Crema De Leche Y Azucar, En Aerosol",LÁCTEOS,315.0,2.6,12.0,28.0,,12.0,65.0,3
Caramelos Masticables Sabor A Sandia,CARAMELOS Y GOLOSINAS,375.0,0.0,90.0,3.2,0.0,90.0,60.0,3
Obleas Rellenas Sabor Chocolate,GALLETITAS Y BARRAS,530.0,4.7,60.0,30.0,2.7,40.0,113.3,3
Queso Semigraso De Mediana Humedad En Fetas,QUESOS,304.8,27.7,2.0,22.9,,2.0,761.9,3
Preparado Para Batir Para Uso En Pasteleria Y Reposteria Sabor Chantilly,REPOSTERÍA Y CONFITERÍA,290.0,0.0,14.5,23.5,,13.5,90.0,3
Cobertura De Chocolate Semiamargo,CACAO Y CHOCOLATE,532.0,5.2,48.0,34.8,7.2,52.0,2.2,3
Alcaparras En Vinagre,VEGETALES Y FRUTAS,33.3,1.0,4.7,0.0,1.7,4.7,2460.0,3
Queso Edam En Fetas,QUESOS,319.1,25.0,,23.8,,,800.0,3
Salsa Agridulce A Base De Soja,SALSAS Y ADEREZOS,193.3,3.3,45.3,0.4,0.0,34.7,3307.1,3
"Mezcla De Durazno, Pera, Anana, Uva Y Cereza En Conserva",VEGETALES Y FRUTAS,79.3,0.4,17.9,,2.0,17.1,0.0,3
Obleas Rellenas Con Sabor A Cappuccino,GALLETITAS Y BARRAS,480.0,3.7,76.7,18.0,1.7,41.4,223.3,3
Budin De Chocolate,GALLETITAS Y BARRAS,400.0,5.3,50.0,20.0,1.2,26.7,183.3,3
Budin Sabor Naranja,MASAS Y PANADERÍA,343.3,5.3,50.0,13.0,0.5,27.5,128.3,3
Pastillas Sabor A Menta,CARAMELOS Y GOLOSINAS,393.8,,93.8,,,93.3,0.0,3
Postre Lacteo Sabor Chocolate,POSTRES,127.3,3.4,19.2,3.6,0.4,14.0,39.1,3
Turrón Blando De Almendras,REPOSTERÍA Y CONFITERÍA,525.0,14.0,55.0,28.0,4.7,46.0,15.8,3
Caramelo Duro Sabor A Uva,CARAMELOS Y GOLOSINAS,385.0,,95.7,,,69.6,45.0,3
Turrón De Almendras,REPOSTERÍA Y CONFITERÍA,435.0,9.2,55.0,20.4,4.0,42.2,0.0,3
Producto A Base De Almidones Para Dietas Especiales,SUPLEMENTOS Y DIETÉTICOS,365.0,0.4,83.0,1.1,4.5,3.8,30.0,3
"Suplemento Dietario A Base De Carbohidratos Y Cafeína, En Gel, Para Personas Que Realizan Ejercicio Físico. Sabor Cola",SUPLEMENTOS Y DIETÉTICOS,250.0,,62.5,,,31.2,250.0,3
Confitura De Castañas,CONFITURAS Y DULCES,255.0,1.2,60.0,0.6,3.8,65.0,0.0,3
Repollo Colorado Dulce En Vinagre De Alcohol Con Trocitos Y Jugo De Manzana,VEGETALES Y FRUTAS,50.0,1.4,9.0,0.1,3.0,7.6,430.0,3
Semolin De Trigo Pan,CEREALES Y HARINAS,350.0,11.0,72.0,1.4,3.0,0.4,8.0,3
Semola De Trigo Candeal De Coccion Rapida,CEREALES Y HARINAS,360.0,12.0,72.0,2.0,3.0,1.7,0.0,3
Champignones En Rodajas,HONGOS,13.1,2.1,0.7,0.8,2.2,,250.0,3
Pulpa De Mango,JUGOS,80.0,0.0,20.0,0.0,2.0,14.0,20.0,3
Pastillas Sabor Naranja,CARAMELOS Y GOLOSINAS,400.0,,100.0,,,93.8,0.0,3
Galletitas Dulces Con Cacao Con Relleno Sabor Vainilla,GALLETITAS Y BARRAS,483.3,7.0,73.3,19.0,2.8,41.7,280.0,3
Pasta Seca De Semola Integral De Trigo Duro,PASTAS,348.8,13.8,66.2,2.4,7.0,3.2,0.0,3
Pastillas De Goma Fantasía Sabor A Durazno,CARAMELOS Y GOLOSINAS,328.6,5.7,76.2,0.0,0.0,52.4,57.1,3
Producto Panificado A Base De Harina De Trigo,MASAS Y PANADERÍA,290.9,7.1,49.1,6.0,2.5,2.0,274.6,3
Pastillas De Goma Fantasia Sabor Cola,CARAMELOS Y GOLOSINAS,350.0,6.5,81.2,0.0,0.0,49.9,30.0,3
Galletas Dulces Surtidas,GALLETITAS Y BARRAS,526.7,5.7,63.3,25.0,1.5,19.9,170.0,3
Caldo Sabor A Gallina Deshidratado,CALDOS Y SOPAS,294.7,0.0,27.4,21.1,0.0,2.1,15136.8,3
"Producto A Base De Harina De Trigo, Precocido, Con Aderezo Picante Sabor A Pollo",COMIDAS PREPARADAS,423.1,6.2,64.6,15.0,2.3,4.1,1037.5,3
Goma De Mascar Sabores Surtidos,CARAMELOS Y GOLOSINAS,266.7,0.0,80.0,0.0,0.0,80.0,0.0,3
Aceite De Sésamo,ACEITES Y GRASAS,869.2,0.0,0.0,92.3,0.0,,0.0,3
Agua Tonica Dietetica De Bajas Calorias,BEBIDAS ANALCOHÓLICAS,1.3,0.0,4.5,0.0,0.0,4.5,0.0,3
Vinagre De Vino,VINAGRES,140.0,,35.0,,,35.0,0.0,3
Figura De Baño De Reposteria Con Leche,CACAO Y CHOCOLATE,539.3,3.2,64.3,29.6,2.6,56.8,103.6,3
"Confites De Chocolate Con Leche, Colores Surtidos",CARAMELOS Y GOLOSINAS,484.0,6.0,72.0,19.6,0.0,68.0,0.0,3
Chupetin De Caramelo Duro Sabor A Frutilla Y Cereza,CARAMELOS Y GOLOSINAS,386.7,0.0,93.3,0.0,0.0,80.0,0.0,3
Confitura De Mango,CONFITURAS Y DULCES,200.0,,50.0,,,53.5,0.0,3
Barquillos,GALLETITAS Y BARRAS,370.0,6.7,73.3,3.3,1.7,21.7,0.0,3
Salsa Picante Y Agridulce A Base De Pimientos,SALSAS Y ADEREZOS,80.0,,20.0,,,33.0,2600.0,3
Bombones De Chocolate Amargo,CACAO Y CHOCOLATE,523.6,11.1,32.2,36.7,10.2,18.6,44.4,3
"Bombones De Chocolate Semiamargo Y Chocolate Con Leche, Rellenos Surtidos",CACAO Y CHOCOLATE,540.6,4.4,56.2,31.2,2.2,53.1,143.8,3
Alimento Con Cacao Para Preparar Bebida,CACAO Y CHOCOLATE,392.0,4.8,80.0,4.8,5.2,56.0,104.0,3
"Algas Marinas Procesadas, Tostadas Y Saladas",VEGETALES Y FRUTAS,600.0,20.0,,50.0,,,700.0,3
Repollitos De Bruselas En Conserva,VEGETALES Y FRUTAS,30.8,2.5,4.3,0.0,3.4,2.8,227.7,3
Mezcla A Base De Cereales Y Azucar Con Trozos De Chocolate Con Leche Y Chocolate Amargo,CEREALES Y HARINAS,450.0,10.0,72.5,16.0,7.0,30.0,220.0,3
Chupetín De Caramelo Duro Acido Sabor A Uva,CARAMELOS Y GOLOSINAS,409.1,0.0,100.0,0.0,0.0,100.0,58.8,3
Goma De Mascar Dietética Sabor A Tutti Frutti,CARAMELOS Y GOLOSINAS,266.7,0.0,70.0,0.0,0.0,60.0,0.0,3
Chupetines De Caramelo Duro Acido Sabores Surtidos,CARAMELOS Y GOLOSINAS,409.1,0.0,100.0,0.0,0.0,100.0,58.8,3
Confitura De Damascos,CONFITURAS Y DULCES,240.0,0.2,60.0,0.0,0.5,46.0,0.0,3
Granos De Choclo Amarillo Entero En Conserva,VEGETALES Y FRUTAS,47.7,0.8,10.0,0.8,1.6,,255.4,3
"Pastillas De Goma Fantasia Sabor Frutal A Frutilla, Manzana, Anana Y Naranja",CARAMELOS Y GOLOSINAS,333.3,0.0,80.0,0.0,0.0,,0.0,3
Chocolate Con Leche Con Avellanas Enteras,CACAO Y CHOCOLATE,560.0,8.0,48.0,40.0,4.0,,64.0,3
"Bocadito Con Relleno A Base De Azucar Y Albumina De Huevo, Recubierto Con Chocolate Semiamargo",CARAMELOS Y GOLOSINAS,460.0,3.0,63.3,21.7,2.0,60.0,0.0,3
Chocolate Con Leche De Bajo Valor Glucídico,CACAO Y CHOCOLATE,496.0,6.8,52.0,36.8,2.0,8.0,80.0,3
Chocolate Amargo De Bajo Valor Glucídico,CACAO Y CHOCOLATE,476.0,5.2,44.0,36.0,8.0,0.6,0.0,3
Bombones De Chocolate Con Leche Con Relleno A Base De Avellanas Con Cacao Y Avellana Entera,CACAO Y CHOCOLATE,566.4,8.0,49.1,38.5,3.5,,48.0,3
Puré De Manzana,VEGETALES Y FRUTAS,53.3,,13.3,,1.7,11.0,0.0,3
Baño Y Relleno Congelado Para Productos De Repostería Sabor Chocolate,REPOSTERÍA Y CONFITERÍA,350.0,0.0,40.0,20.0,0.0,,120.0,3
"Caramelos Masticables Confitados Sabores Frutales Artificiales, Surtidos",CARAMELOS Y GOLOSINAS,378.3,,90.6,1.9,,69.3,0.0,3
Maíz Dulce Amarillo Grano Entero,VEGETALES Y FRUTAS,81.5,2.9,12.3,1.9,3.8,5.1,172.3,3
Banana En Rodajas Fritas Y Azucaradas,CONFITURAS Y DULCES,518.0,2.0,63.3,30.0,7.8,12.0,3.2,3
Pan Azimo Molido,MASAS Y PANADERÍA,373.3,11.3,80.0,1.2,9.8,,0.0,3
Pan Azimo,MASAS Y PANADERÍA,375.0,11.2,75.0,1.9,8.8,,0.0,3
Chocolate Amargo Con Cascara De Naranja Confitada,CACAO Y CHOCOLATE,495.0,5.0,55.0,26.5,6.0,55.0,20.0,3
"Bebida Analcoholica Sabor Almendra Y Vainilla, Fortificada Con Calcio Y Vitaminas D Y E",BEBIDAS ANALCOHÓLICAS,35.0,0.4,5.5,1.2,0.0,,19.6,3
"Bebida Analcoholica Sabor Almendra Y Chocolate, Fortificada Con Calcio Y Vitaminas D Y E",BEBIDAS ANALCOHÓLICAS,48.8,0.6,8.4,1.4,0.0,0.6,20.0,3
Caramelos Masticables Confitados Sabor Natural A Limon,CARAMELOS Y GOLOSINAS,368.4,,89.5,,,68.4,0.0,3
Cebollitas En Vinagre De Vino,VEGETALES Y FRUTAS,18.0,0.0,3.8,0.0,1.1,2.7,82.0,3
Aderezo A Base De Mosto De Uva Y Vinagre Balsamico,SALSAS Y ADEREZOS,293.3,,75.0,,,74.7,106.7,3
Confitura De Higos,CONFITURAS Y DULCES,240.0,0.0,55.0,0.0,0.0,49.0,0.0,3
Salsa A Base De Tomate Y Ajo,VEGETALES Y FRUTAS,58.3,1.5,6.2,3.8,1.7,5.8,226.7,3
Pan Dulce Relleno Con Gotas De Baño De Reposteria Con Leche,MASAS Y PANADERÍA,370.0,7.0,46.2,17.5,2.2,,134.0,3
Fideos De Arroz,PASTAS,348.8,7.0,77.5,0.9,0.6,,0.0,3
Snacks Galletitas,CEREALES Y HARINAS,452.0,8.0,80.0,12.0,3.6,4.0,792.0,3
Galletitas Dulces A Base De Harina Integral De Arroz,GALLETITAS Y BARRAS,394.3,7.0,57.1,15.0,3.0,,126.7,3
Requeson Cremoso,QUESOS,250.0,10.7,,23.0,,0.0,480.0,3
"Mezcla Prensada Y Moldeada Elaborada A Base De Aislados Proteinicos Y Aceites Vegetales, Coloreada Con Remolacha , Saborizada Con Aromatizante A Carne Y Congelada",VEGETALES Y FRUTAS,230.1,17.7,6.2,15.9,1.8,,345.1,3
"Bombones A Base De Cacao Con Relleno Cremoso Sabor Caramelo, Surtidos",CACAO Y CHOCOLATE,620.0,4.8,44.0,48.0,2.6,,52.0,3
Caramelos Blandos Sabor A Frutilla,CARAMELOS Y GOLOSINAS,415.0,,95.0,5.0,,,26.0,3
"Arroz Pulido Tipo Corto, Calidad 00000",CEREALES Y HARINAS,348.0,7.2,78.0,,1.4,,0.0,3
Oblea Con Relleno Sabor Chocolate,GALLETITAS Y BARRAS,486.7,4.3,60.0,24.3,2.0,40.0,123.3,3
"Mezcla De Zanahorias, Chauchas, Nabos, Arvejas Y Porotos En Conserva",VEGETALES Y FRUTAS,30.8,2.1,5.0,,3.4,,275.4,3
Chocolates Amargos Surtidos,CACAO Y CHOCOLATE,592.0,8.0,32.0,48.0,8.0,,0.0,3
Bombones De Chocolate Y Pasta De Avellana Sabores Surtidos,CACAO Y CHOCOLATE,550.0,7.0,50.0,35.7,3.2,46.4,35.7,3
"Suplemento Dietario A Base De Carbohidratos Y Aminoácidos Sabor Café, En Gel, Para Personas Que Realizan Ejercicio Físico",SUPLEMENTOS Y DIETÉTICOS,312.5,,65.6,0.3,,18.8,316.7,3
"Suplemento Dietario De Proteínas Lácteas Hidrolizadas, Para Lactantes De Bajo Peso Al Nacer, En Sobres",SUPLEMENTOS Y DIETÉTICOS,340.0,80.0,1.3,,0.0,0.5,750.0,3
Obleas Con Relleno Sabor A Leche,GALLETITAS Y BARRAS,530.0,5.6,58.3,30.0,2.3,,0.0,3
"Producto Dietético En Polvo A Base De Proteínas De Suero De Leche, Sabor Chocolate",SUPLEMENTOS Y DIETÉTICOS,338.8,61.2,10.8,6.7,10.4,,322.4,3
Chauchas Enteras Extrafinas,VEGETALES Y FRUTAS,20.8,1.6,3.1,,2.9,,227.7,3
Pasta De Semola Integral De Trigo Duro,PASTAS,347.5,15.0,63.8,2.5,8.0,3.5,0.0,3
Queso Graso De Mediana Humedad En Fetas,QUESOS,328.6,24.8,,25.7,,,761.9,3
Harina De Maiz Precocida,CEREALES Y HARINAS,370.0,8.6,76.0,2.8,11.4,0.0,0.0,3
"Pan A Base De Fecula De Mandioca, Huevo Y Queso, Cocido, Supercongelado",MASAS Y PANADERÍA,326.1,6.5,39.1,15.7,,2.0,682.9,3
Alimento Para Propositos Medicos Especificos En Polvo Para Niños,SUPLEMENTOS Y DIETÉTICOS,337.5,41.7,41.7,7.7,0.0,27.1,379.2,3
Mostaza En Pasta,SALSAS Y ADEREZOS,141.7,7.5,3.3,10.0,3.3,2.5,2158.3,3
Surtido De Vegetales Supercongelados,VEGETALES Y FRUTAS,65.4,3.3,8.8,0.9,3.7,3.7,9.2,3
Chocolate Amargo Con Leche Con Almendras,CACAO Y CHOCOLATE,580.0,12.0,40.0,40.0,4.0,28.0,104.0,3
Dulce De Leche De Cabra,CONFITURAS Y DULCES,335.0,7.5,60.0,8.0,0.0,49.5,160.0,3
Caramelos Blandos Sabor A Fresa,CARAMELOS Y GOLOSINAS,367.5,0.0,85.3,0.0,0.0,58.7,96.0,3
Chicle Dietetico Sabor A Menta De Valor Calorico Reducido,CARAMELOS Y GOLOSINAS,205.9,0.0,61.8,0.0,0.0,0.0,0.0,3
Suplemento Dietario En Polvo Dietético Para Preparar Bebida A Base De Aminoácidos Y Vitaminas,SUPLEMENTOS Y DIETÉTICOS,23.3,,5.8,,,,0.0,3
Pastillas Sabor Menta,CARAMELOS Y GOLOSINAS,393.8,,100.0,,,91.9,0.0,3
Ketchup Dietetico De Contenido Glucidico Reducido,SALSAS Y ADEREZOS,33.3,,6.7,,1.7,5.8,1191.7,3
Pan Integral De Centeno En Rodajas,MASAS Y PANADERÍA,192.0,5.3,34.0,1.4,10.6,,500.0,3
Alimento Para Propósitos Médicos Específicos Líquido Con Ácidos Grasos Poliinsaturados De Cadena Larga Y Nucleótidos Para Lactantes Prematuros Y/O Bajo Peso Al Nacer,SUPLEMENTOS Y DIETÉTICOS,81.4,2.9,8.8,4.1,,,57.6,3
"Producto De Panificacion: Disco De Masa Precocido, A Base De Harina, Aceite Vegetal Y Leudante Quimico",MASAS Y PANADERÍA,267.7,6.1,46.0,6.9,2.1,,446.8,3
Agua Tonica Dietetica,BEBIDAS ANALCOHÓLICAS,20.0,0.0,4.7,0.0,0.0,4.7,0.0,3
Chupetines De Caramelo Duro Surtidos,AZÚCARES Y EDULCORANTES,370.0,,82.0,,,,0.0,3
"Mayonesa Dietética, Reducida En Valor Lipídico",SALSAS Y ADEREZOS,333.3,0.8,6.7,34.2,,,700.0,3
Chupetin De Caramelo Duro Sabor Manzana,CARAMELOS Y GOLOSINAS,370.0,,82.0,,,,0.0,3
Caramelos Masticables Acidos Sabores Surtidos,CARAMELOS Y GOLOSINAS,410.0,,85.0,8.0,,57.5,0.0,3
Pastillas Dietéticas Sabor A Menta Y Frutos Rojos De Bajo Valor Glucídico,CARAMELOS Y GOLOSINAS,242.9,,100.0,,,,0.0,3
"Comida Preparada A Base De Hongos Y Especias Picante Con Aceite, En Conserva",HONGOS,342.0,3.2,6.0,36.0,,,1784.0,3
Caramelos Duros Rellenos Sabor A Frutilla,CARAMELOS Y GOLOSINAS,390.0,,95.0,,,70.0,0.0,3
Aderezo A Base De Pasta De Garbanzos Y De Semillas De Sesamo,SALSAS Y ADEREZOS,160.0,0.0,20.0,20.0,0.0,,360.0,3
Chupetin De Caramelo Duro Sabor A Fresa,CARAMELOS Y GOLOSINAS,370.0,,82.0,,,,0.0,3
Suplemento Dietario En Polvo Dietetico Para Preparar Bebida A Base De Proteinas De Suero Y Creatina,SUPLEMENTOS Y DIETÉTICOS,363.6,68.2,9.1,5.7,,,318.2,3
Pastillas Dietéticas Sabor A Menta Y Naranja De Bajo Valor Glucídico,CARAMELOS Y GOLOSINAS,242.9,,100.0,,,,0.0,3
"Salsa A Base De Tomates, Vegetales Y Especias",SALSAS Y ADEREZOS,53.3,1.5,6.7,2.2,2.0,,600.0,3
"Producto Para Copetin A Base De Harina De Maiz, Frito",CEREALES Y HARINAS,464.0,7.2,60.0,21.2,7.2,0.0,320.0,3
Tomates Con Piel En Conserva,VEGETALES Y FRUTAS,21.5,1.2,3.9,0.1,1.2,3.0,40.0,3
"Salsa Elaborada A Base De Leche, Derivados Lacteos Y Especias Con Sabor A Queso",SALSAS Y ADEREZOS,241.7,9.2,15.0,15.0,1.2,,1241.7,3
"Barra A Base De Cereales Con Relleno Sabor A Leche, Adicionada Con Oligofructosa",CEREALES Y HARINAS,446.7,5.8,60.0,19.0,6.5,30.0,293.3,3
Extracto Simple De Tomate,VEGETALES Y FRUTAS,63.3,3.5,11.0,,2.8,7.3,40.0,3
"Queso De Leche De Cabra, Graso Y De Mediana Humedad",QUESOS,383.3,23.3,4.7,33.3,,4.7,700.0,3
Chocolate Con Leche Con Relleno Sabor Caramelo,CACAO Y CHOCOLATE,486.7,6.7,60.0,26.7,,,146.7,3
Yogur Natural Con Crema,LÁCTEOS,132.7,6.5,4.0,10.0,0.0,2.5,52.0,3
Yogur Natural Parcialmente Descremado,LÁCTEOS,64.0,7.3,4.0,2.0,0.0,2.5,52.0,3
Chocolate Con Leche Semiamargo,CACAO Y CHOCOLATE,510.0,7.1,60.0,30.5,2.5,61.0,80.0,3
"Salsa Agridulce A Base De Tomate, Saborizada Con Especias, Naranja, Ajo Y Cebolla",SALSAS Y ADEREZOS,88.3,1.5,18.3,0.5,1.2,,1646.7,3
Bebida Sin Alcohol A Base De Agua De Coco,BEBIDAS ANALCOHÓLICAS,22.0,0.6,5.5,1.6,0.0,,15.8,3
Queso Graso De Muy Alta Humedad Tratado Termicamente,QUESOS,222.6,6.5,9.1,16.1,0.0,9.1,390.3,3
"Banana Frita Y Salada, En Rodajas",VEGETALES Y FRUTAS,500.0,3.6,60.7,25.0,3.6,,239.3,3
Arandano Deshidratado En Polvo,VEGETALES Y FRUTAS,300.0,5.0,66.0,5.0,22.0,54.0,0.0,3
Producto Panificado Elaborado A Base De Harina De Trigo,MASAS Y PANADERÍA,326.1,7.0,52.2,9.1,2.6,2.6,652.2,3
Salsa Agridulce A Base De Tomate Y Vinagre De Alcohol Con Especias Y Miel,SALSAS Y ADEREZOS,166.7,0.8,40.8,,,,941.7,3
Salsa Dulce A Base De Frutillas,CONFITURAS Y DULCES,250.0,0.0,65.0,0.0,1.0,45.8,0.0,3
Confitura De Naranja Amarga,CONFITURAS Y DULCES,230.0,0.0,55.0,0.0,1.0,60.0,0.0,3
Queso Fundido Sabor Prato En Fetas,QUESOS,243.3,14.3,11.3,15.0,0.0,6.3,1440.0,3
"Barra A Base De Avena Y Azucares Con Trozos De Chocolate, Barra A Base De Avena Y Azucares Sabor Miel Y Vainilla, Barra A Base De Avena, Azucares Y Pasta De Mani",CEREALES Y HARINAS,452.4,7.1,69.0,19.1,4.8,26.2,380.9,3
Confitura De Grosella Roja,CONFITURAS Y DULCES,225.0,0.0,55.0,0.0,2.0,55.0,0.0,3
Suplemento Dietario En Polvo Dietetico A Base De Proteínas De Suero,SUPLEMENTOS Y DIETÉTICOS,366.7,80.0,6.7,4.7,,,266.7,3
"Bocaditos Dulces A Base De Azucar Y Grasa Hidrogenada Con Avellanas Y Cacao, Recubiertos Con Baño De Reposteria Dulce Con Leche Sabor Vainilla, Leche Y Chocolate",CACAO Y CHOCOLATE,532.0,2.8,68.0,56.0,0.0,,180.0,3
"Suplemento Dietario En Polvo Dietetico Para Preparar Bebida A Base De Proteinas, Sabor Chocolate",SUPLEMENTOS Y DIETÉTICOS,371.4,72.7,6.1,6.1,,,342.9,3
"Alimento Para Propósitos Médicos Específicos Líquido, Dietético Para Mayores De 3 Años",SUPLEMENTOS Y DIETÉTICOS,74.7,11.5,5.1,0.9,0.0,3.4,59.8,3
Coco Rallado Azucarado,VEGETALES Y FRUTAS,575.0,5.0,35.0,41.7,10.8,35.0,0.0,3
"Chupetin De Caramelo Duro Y Caramelo En Polvo Sabor A Sandia, Gasificado",CARAMELOS Y GOLOSINAS,300.0,0.0,77.8,0.0,0.0,59.7,0.0,3
Pasta Seca De Semola De Grano Duro,PASTAS,357.5,12.5,72.5,1.2,3.2,,0.0,3
Caramelos Masticables Acidos Confitados Sabores Frutales Surtidos,CARAMELOS Y GOLOSINAS,400.0,0.0,90.0,4.5,0.0,75.0,30.0,3
Alimento Para Propósitos Médicos Específicos Líquido Para Niños Mayores A 3 Años Y Adultos,SUPLEMENTOS Y DIETÉTICOS,133.0,6.7,14.3,3.7,0.7,1.3,80.0,3
Queso Cheddar Procesado En Fetas,QUESOS,371.1,17.9,3.4,31.6,0.0,,1584.2,3
Bombones Rellenos,CACAO Y CHOCOLATE,500.0,9.6,39.2,32.8,8.0,,0.0,3
Ajies Dulces En Vinagre De Alcohol,VEGETALES Y FRUTAS,18.0,1.2,3.6,0.8,1.2,,170.0,3
"Bocaditos Elaborados A Base De Azucares Y Gelatina, Sabor Vainilla",CARAMELOS Y GOLOSINAS,340.0,4.0,85.0,,,,55.0,3
Papas Con Piel Prefritas Supercongeladas,VEGETALES Y FRUTAS,125.9,2.2,23.5,2.4,2.5,0.5,30.6,3
"Pastillaje De Colores Surtidos, Para Decoracion",REPOSTERÍA Y CONFITERÍA,364.0,,92.0,5.2,,,,3
Suplemento Dietario En Polvo Dietético Para Preparar Bebida A Base De Proteína De Suero,SUPLEMENTOS Y DIETÉTICOS,392.7,64.2,18.3,5.9,1.3,8.0,240.6,3
Galletitas Dulces Con Cacao,GALLETITAS Y BARRAS,410.0,6.7,70.0,15.7,4.3,19.0,140.0,3
Galletitas Dulces Sabor A Naranja,GALLETITAS Y BARRAS,406.7,6.0,63.3,15.7,3.0,23.3,243.3,3
"Surtido De Queso Manchego, Queso Iberico, Queso De Cabra Al Vino",QUESOS,396.7,24.0,,33.3,,,600.0,3
Chupetin De Caramelo Duro Sabores Surtidos,CARAMELOS Y GOLOSINAS,373.5,0.0,94.1,0.0,0.0,,0.0,3
"Pan A Base De Fécula De Mandioca Y Papa, Congelado",MASAS Y PANADERÍA,292.5,2.2,62.0,3.5,3.5,,500.0,3
Helado De Agua De Durazno,HELADOS,130.0,0.0,31.2,0.0,0.4,24.4,0.0,3
Caramelos Duros Sabor Mentol Y Eucalipto,CARAMELOS Y GOLOSINAS,387.8,0.0,95.2,0.0,0.0,73.1,0.0,3
Pastillas Sabor A Banana,CARAMELOS Y GOLOSINAS,400.0,,95.0,,,,0.0,3
Alimento Para Propósitos Médicos Específicos En Polvo Para Niños De 1 A 8 Años,SUPLEMENTOS Y DIETÉTICOS,309.0,,51.0,0.5,,,580.0,3
Surtido De Vegetales En Conserva,VEGETALES Y FRUTAS,83.1,4.4,14.6,0.8,2.4,0.6,284.6,3
"Suplemento Dietario En Polvo Dietetico Para Preparar Bebida A Base De Carbohidratos, Creatina, Fibra, Aminoacidos Y Vitaminas",SUPLEMENTOS Y DIETÉTICOS,312.5,,75.0,,4.2,,72.9,3
Tomates Pelados Peritas Enteros Elegidos,VEGETALES Y FRUTAS,23.1,1.0,4.0,0.1,0.8,,120.0,3
Arroz Blanco Mediano 0000,CEREALES Y HARINAS,354.0,6.6,80.0,0.4,1.0,,13.0,3
"Suplemento Dietario En Polvo Dietetico Para Preparar Bebida A Base De Proteinas, Vitaminas Y Minerales",SUPLEMENTOS Y DIETÉTICOS,338.7,80.7,,1.6,,,790.3,3
Queso Extra Graso De Alta Humedad,QUESOS,346.7,16.7,2.0,30.0,,,640.0,3
Galletitas Dulces Sabor Limón,GALLETITAS Y BARRAS,443.3,5.7,73.1,11.7,2.0,19.0,200.0,3
Aceitunas Verdes Rellenas Con Pasta De Pimiento En Salmuera,VEGETALES Y FRUTAS,110.0,0.0,4.2,11.5,3.8,,2950.0,3
Polvo Para Preparar Postre Sabor Chocolate,POSTRES,405.0,8.1,72.5,10.6,6.0,57.5,185.0,3
Caramelos Duros Surtidos,CARAMELOS Y GOLOSINAS,390.0,0.0,95.0,0.0,0.0,75.0,0.0,3
Salsa Dulce Sabor Chocolate,REPOSTERÍA Y CONFITERÍA,300.0,2.5,65.0,2.5,2.5,55.0,90.0,3
Pan Dulce Veneciano,MASAS Y PANADERÍA,328.8,4.8,61.2,9.2,1.0,12.1,62.5,3
Frangollo De Maiz Blanco,CEREALES Y HARINAS,334.0,8.0,74.0,0.0,2.0,0.0,0.0,3
Queso Romano,QUESOS,370.0,30.0,1.7,27.3,0.0,1.2,1166.7,3
Quinoa,CEREALES Y HARINAS,342.2,14.0,60.0,5.1,5.6,0.0,20.0,3
Pre-Pizza,MASAS Y PANADERÍA,210.0,7.5,44.0,1.6,2.2,0.0,324.0,3
Helado Sabor A Frutilla,HELADOS,110.0,2.3,20.0,2.5,0.0,26.7,35.0,3
Membrillos En Almibar,CONFITURAS Y DULCES,220.0,,55.0,,2.4,35.7,10.0,3
Helado Sabor A Chocolate,HELADOS,120.0,3.2,19.5,2.5,0.0,26.7,39.5,3
Dulce De Tomate,CONFITURAS Y DULCES,160.0,0.0,41.5,,0.0,40.5,0.0,3
Aceituna Verde Entera En Salmuera-Gb-Ci,VEGETALES Y FRUTAS,150.0,1.0,1.0,16.0,2.0,,2200.0,3
Aceituna Negra Entera En Salmuera-Gb-Ci,VEGETALES Y FRUTAS,125.0,1.0,1.0,13.0,2.0,,2500.0,3
Aceituna Verde Descarozada En Salmuera-Gb-Ci,VEGETALES Y FRUTAS,150.0,1.0,,16.0,2.0,,2200.0,3
Dulce De Membrillo En Pan,CONFITURAS Y DULCES,270.0,0.5,67.5,0.0,4.0,52.0,0.0,3
Aceite De Oliva Virge Extra-Orgánico,ACEITES Y GRASAS,830.8,,,92.3,,,0.0,3
Aceitunas Negras Tipo Griegas,VEGETALES Y FRUTAS,125.0,1.0,1.0,13.0,2.0,1.0,2500.0,3
Aceitunas Verdes Rellenas Con Nuez En Aceite De Girasol,VEGETALES Y FRUTAS,385.0,1.5,0.5,42.5,2.5,0.0,620.0,3
"Conserva A Base De Carne, Legumbres Y Vegetales",VEGETALES Y FRUTAS,86.6,4.3,5.6,5.4,1.1,0.9,478.4,3
Tomate Triturado Saborizado Con Albahaca,VEGETALES Y FRUTAS,38.3,2.2,5.5,0.5,1.2,4.3,325.0,3
Aceitunas Verdes En Salmuera - Calidad Ii Grupo F,VEGETALES Y FRUTAS,220.0,1.5,3.5,20.0,0.5,0.0,2000.0,3
Mix De Frutos Secos,VEGETALES Y FRUTAS,586.3,15.2,18.0,51.3,5.3,9.5,7.9,3
Aceitunas Verdes En Salmuera Calidad Iii - Grupo C,VEGETALES Y FRUTAS,215.0,0.5,1.5,23.0,3.5,0.0,2405.0,3
Pan Integral Con Semillas,MASAS Y PANADERÍA,309.1,8.0,49.8,8.2,4.2,4.2,218.2,3
Aceitunas Verdes Rotas En Salmuera,VEGETALES Y FRUTAS,160.0,0.9,1.0,16.7,3.0,,1285.0,3
Aceitunas Verdes En Salmuera Calidad I Grupo C,VEGETALES Y FRUTAS,175.0,0.2,2.5,20.8,3.5,,2082.5,3
Aceitunas Verdes Rellenas Con Salame En Aceite De Girasol,VEGETALES Y FRUTAS,215.0,3.0,0.0,21.5,0.0,0.0,2115.0,3
Aceitunas Verdes Rellenas Con Palmitos En Aceite De Girasol,VEGETALES Y FRUTAS,200.0,0.0,0.0,20.0,0.0,0.0,1950.0,3
Pistachos Sin Cascara,VEGETALES Y FRUTAS,536.0,20.0,16.3,43.0,6.7,6.7,33.3,3
Pasas De Uva,VEGETALES Y FRUTAS,300.0,3.3,80.0,0.7,4.0,80.0,23.3,3
Semillas De Girasol Peladas,VEGETALES Y FRUTAS,600.0,20.7,6.7,51.3,8.7,2.0,6.7,3
Arroz Blanco Largo Fino 00000,CEREALES Y HARINAS,338.0,5.4,80.0,0.0,3.8,0.0,0.0,3
Pastas Frescas Rellenas: Ravioles De Ricota,PASTAS,234.0,9.2,46.0,1.8,1.6,0.0,367.0,3
Pastas Frescas Rellenas: Ravioles De Verdura,PASTAS,234.0,8.1,46.0,1.8,1.6,0.7,367.0,3
Pastas Frescas: Ñoquis,PASTAS,165.0,1.9,33.0,1.6,0.5,0.0,305.0,3
Pastas Frescas Congeladas Ñoquis,PASTAS,148.0,3.7,29.0,0.3,1.9,0.9,202.0,3
Porotos Alubias,VEGETALES Y FRUTAS,336.7,20.0,63.3,1.7,5.0,2.2,0.0,3
Pastas Frescas Ñoquis,PASTAS,204.0,6.0,37.0,4.8,2.0,0.0,188.0,3
Arroz Blanco Largo Fino 0000,CEREALES Y HARINAS,338.0,5.4,80.0,0.0,3.8,,0.0,3
Tortilla De Trigo,MASAS Y PANADERÍA,373.3,8.3,50.0,8.0,3.3,3.3,766.7,3
Yogur Natural Entero,LÁCTEOS,61.1,3.4,5.0,3.1,0.0,4.8,48.0,3
Alfajor De Dulce De Leche Y Coco Rallado,MASAS Y PANADERÍA,377.5,5.4,57.5,12.5,0.0,29.5,177.5,3
Crema Helada De Chocolate Amargo,HELADOS,200.0,5.0,26.7,8.3,3.4,30.0,53.3,3
Crema Helada Sabor Dulce De Leche Granizado,HELADOS,230.0,5.0,31.7,10.0,2.0,23.3,120.0,3
Crema Helada De Banana Con Dulce De Leche,HELADOS,176.7,3.3,28.3,6.9,1.5,21.7,48.3,3
Jamón Cocido,CARNES Y CHACINADOS,102.5,16.5,5.2,3.5,3.0,1.1,772.5,3
Crema Helada De Banana,HELADOS,173.3,3.4,25.0,6.7,0.5,23.6,48.3,3
Crema Helada De Frutilla,HELADOS,166.7,1.7,26.7,5.7,1.2,24.2,68.3,3
Fruta Escurrida,CONFITURAS Y DULCES,320.0,1.3,78.0,1.0,1.7,76.7,40.0,3
Pastas Frescas Al Huevo,PASTAS,275.0,7.3,56.0,2.1,2.0,0.0,24.0,3
Alfajor Relleno De Dulce De Leche Cubierto Con Chocolate Semiamargo,GALLETITAS Y BARRAS,374.7,5.3,55.0,18.3,1.3,38.8,88.3,3
Helado De Crema De Dulce De Leche Con Nuez,HELADOS,221.7,5.2,23.3,11.7,1.8,,206.7,3
Mermelada De Cerezas,CONFITURAS Y DULCES,270.0,0.0,65.0,0.0,0.0,65.0,0.0,3
Helado De Agua Sabor Limon Aromatizado Con Esencia Artificial,HELADOS,85.0,0.0,21.7,0.0,0.0,22.5,0.0,3
Alfajor Relleno De Dulce De Leche Con Cobertura De Chocolate Con Leche,GALLETITAS Y BARRAS,422.5,8.6,62.5,15.0,2.2,39.4,131.2,3
Alfajor Relleno De Dulce De Frambuesa Con Cobertura De Chocolate Semiamargo,ALFAJORES,380.0,3.5,55.0,14.0,2.0,42.5,120.0,3
Cebollitas En Aceite De Girasol Y Especias,VEGETALES Y FRUTAS,34.0,1.2,5.6,0.0,1.6,1.8,1302.0,3
Harina De Fruto De Algarroba Blanca,CEREALES Y HARINAS,312.0,5.8,62.0,1.4,20.0,55.0,36.0,3
Pan Para Hamburguesa Con Sesamo,MASAS Y PANADERÍA,242.0,6.0,48.0,2.8,1.2,4.6,342.0,3
Helado De Agua Sabor Artificial A Naranja,HELADOS,80.0,,25.0,,,25.0,0.0,3
Galletas Marineras,GALLETITAS Y BARRAS,366.7,8.0,66.7,7.3,2.7,0.0,296.7,3
"Jardinera De Hortalizas Y Legumbres. Arvejas, Papas, Zanahorias",VEGETALES Y FRUTAS,61.5,2.6,10.8,0.9,3.8,1.8,56.9,3
Polvo Para Preparar Bebida Analcoholica Dietetica Artificial De Bajas Calorias Fortificado Con Vitamina C. Sabor Naranja Dulce,BEBIDAS ANALCOHÓLICAS,277.8,,38.9,,,38.9,94.4,3
Queso Pasta Semi Dura Magro,QUESOS,253.3,20.3,2.7,18.0,0.0,,586.7,3
Pizza Con Salsa A Base De Hortalizas,MASAS Y PANADERÍA,302.5,8.2,62.5,2.2,2.5,0.2,282.5,3
Masa Congelada A Base De Harina De Maiz,COMIDAS PREPARADAS,217.0,6.6,17.0,14.0,1.9,2.4,443.0,3
Pastas Frescas,PASTAS,197.0,7.1,39.0,1.2,1.2,0.0,390.0,3
Pizza Con Salsa A Base De Zanahoria,MASAS Y PANADERÍA,380.0,7.2,50.0,15.5,1.8,0.0,770.0,3
Cebolla Deshidratada,VEGETALES Y FRUTAS,110.0,5.0,45.0,0.7,9.5,12.6,20.0,3
Chocolate Amargo Aromatizado Con Vainillina Y Etilvainillina,CACAO Y CHOCOLATE,550.0,12.1,37.1,39.2,9.3,32.9,0.0,3
Polvo Para Preparar Bebida Analcoholica Artificial Dietetica De Bajas Calorias Sabor A Naranja,BEBIDAS ANALCOHÓLICAS,333.3,,57.7,,,53.6,0.0,3
Queso Rallado,QUESOS,420.0,38.0,0.0,32.0,0.0,0.0,1300.0,3
Cordero En Escabeche,CARNES Y CHACINADOS,166.0,15.0,2.9,11.0,1.4,1.7,111.0,3
Alfajor De Dulce De Leche Cubierto Con Chocolate Semiamargo,GALLETITAS Y BARRAS,396.0,6.0,64.0,15.4,2.2,35.0,114.0,3
Figura Hueca De Chocolate Con Leche Aromatizado Con Vainillina,CACAO Y CHOCOLATE,544.0,6.8,56.0,32.0,1.2,56.0,96.0,3
Polvo Para Hornear,POSTRES,250.0,0.0,64.0,0.0,0.0,0.0,3000.0,3
Hamburguesa De Carne De Guanaco,COMIDAS PREPARADAS,127.1,18.5,3.3,4.4,,,128.0,3
Dulce De Citron,CONFITURAS Y DULCES,170.0,0.0,45.0,0.0,0.0,45.0,0.0,3
Pulpa De Mora Congelada,VEGETALES Y FRUTAS,51.7,1.0,12.0,,5.0,12.0,0.0,3
Confitura De Mosqueta,CONFITURAS Y DULCES,260.0,0.0,60.0,0.0,0.0,65.0,0.0,3
Helado De Crema De Banana,HELADOS,181.7,2.2,25.0,6.7,,32.5,31.7,3
Vieiras En Escabeche,CONSERVAS DE PESCADO Y MAR,208.0,11.1,9.1,13.6,1.7,9.1,400.0,3
Pulpa De Frambuesa Congelada,VEGETALES Y FRUTAS,53.3,1.0,13.7,,7.0,13.7,0.0,3
Alfajor Relleno Con Dulce De Leche Con Cobertura De Chocolate Semiamargo,ALFAJORES,432.5,5.0,45.0,17.5,2.5,22.5,37.5,3
Masa Precocida Para Pizza Con Tomate,MASAS Y PANADERÍA,226.0,7.5,41.0,4.6,2.5,2.8,575.0,3
Dulce De Arándano,CONFITURAS Y DULCES,265.0,,65.0,,,65.0,0.0,3
Chutney De Ciruelas,VEGETALES Y FRUTAS,200.0,,47.3,,,68.2,164.0,3
Carne Picada Aditivada,CARNES Y CHACINADOS,207.5,17.5,0.5,15.0,0.4,0.0,118.8,3
Salchicha Fresca De Carne Vacuna,CARNES Y CHACINADOS,308.0,14.0,3.6,26.0,0.0,1.8,582.0,3
Masa Para Pizza Con Salsa De Tomate,MASAS Y PANADERÍA,272.5,6.0,45.0,7.0,1.8,0.3,275.0,3
Salsa Criolla,SALSAS Y ADEREZOS,75.0,0.0,5.8,5.0,0.0,3.8,890.0,3
Dulce De Arándanos,CONFITURAS Y DULCES,270.0,0.0,70.0,0.0,1.5,70.0,0.0,3
Crema Helada Sabor Pistacho,HELADOS,235.0,4.2,25.0,10.0,0.3,,68.3,3
Arandanos Pasteurizados,VEGETALES Y FRUTAS,76.4,0.6,17.1,,1.3,,0.0,3
Crema Helada Sabor Granizado,HELADOS,215.0,3.3,26.7,10.0,0.5,,56.7,3
Crema Helada Sabor Frutilla,HELADOS,166.7,3.2,22.1,6.8,2.2,16.7,53.3,3
Crema Helada Sabor Dulce De Leche,HELADOS,223.3,5.0,25.6,6.7,,23.3,68.3,3
Crema Helada Sabor Chocolate,HELADOS,173.3,5.0,18.3,10.0,1.3,16.7,50.0,3
Moras Pasteurizadas,VEGETALES Y FRUTAS,76.4,0.9,15.7,0.0,3.0,19.3,0.0,3
Mermelada De Frambuesas,CONFITURAS Y DULCES,235.0,0.0,60.0,0.0,4.0,60.0,0.0,3
Pizza Con Cebolla,MASAS Y PANADERÍA,237.8,6.5,44.4,5.4,2.9,0.0,500.0,3
Masa De Fecula De Mandioca Con Quesos Congelada Libre De Gluten,MASAS Y PANADERÍA,328.8,10.0,42.0,14.0,,,546.0,3
Alimento Texturizado A Base De Harina De Arroz Y Cacao,CEREALES Y HARINAS,366.7,6.3,86.7,,3.7,33.3,0.0,3
Salsa De Frutilla,SALSAS Y ADEREZOS,222.2,,55.6,,,58.9,0.0,3
Pastas Rellenas Ravioles,PASTAS,253.0,8.0,47.0,4.0,2.0,1.0,351.0,3
Producto Texturizado A Base De Harina De Arroz Y Cacao,CEREALES Y HARINAS,370.0,6.0,86.7,1.2,0.0,27.3,0.0,3
Arroz Blanco Tipo Largo Fino Calidad 0000 Libre De Gluten,CEREALES Y HARINAS,350.3,6.8,79.0,0.0,,,0.0,3
Arroz Blanco Tipo Largo Fino Calidad 00000 Libre De Gluten,CEREALES Y HARINAS,350.8,7.0,80.0,,,,0.0,3
Budín,MASAS Y PANADERÍA,405.0,6.3,46.7,20.0,1.0,,240.0,3
Arroz Blanco Tipo Grano Largo Fino Calidad 0000 Libre De Gluten,CEREALES Y HARINAS,362.2,5.9,80.8,0.5,0.2,,7.8,3
Harina De Maiz Libre De Gluten,CEREALES Y HARINAS,340.0,9.0,76.0,,4.8,,0.0,3
Ricotta Magra,QUESOS,93.3,12.0,8.0,5.0,0.0,8.0,163.3,3
Almendras Garrapiñadas,REPOSTERÍA Y CONFITERÍA,496.0,10.0,56.0,26.0,4.4,52.0,0.0,3
Crema De Leche,LÁCTEOS,393.3,0.0,2.7,42.0,0.0,1.7,46.7,3
Ricotta Con Crema,QUESOS,183.3,12.0,2.0,13.0,0.0,4.0,100.0,3
Polvo Para Preparar Salsa Blanca,POSTRES,333.3,2.2,50.0,1.5,0.0,1.1,666.7,3
Pasas De Uva En Grano Rubias Sin Semillas Elegidas,VEGETALES Y FRUTAS,323.3,2.7,76.7,0.0,3.7,66.7,153.3,3
Pasas De Uva En Grano Morenas Sin Semillas Elegidas,VEGETALES Y FRUTAS,316.7,2.7,76.7,,4.3,76.7,126.7,3
"Mezcla De Pulpa De Manzana, Pera Y Banana",JUGOS,78.9,0.7,18.9,0.0,1.9,11.1,11.1,3
Mezcla De Pulpa De Manzana Y Durazno,JUGOS,62.2,0.0,14.4,0.0,2.4,10.3,9.0,3
Fiambre Cocido De Cerdo Para Emparedados,CARNES Y CHACINADOS,202.5,15.0,7.5,8.8,0.8,0.0,980.0,3
Aceitunas Verdes Rellenas Con Jamón Crudo En Aceite De Girasol,VEGETALES Y FRUTAS,165.0,6.0,14.5,9.0,0.0,9.0,3195.0,3
Aceitunas Verdes Rellenas Con Queso Azul En Aceite De Girasol,VEGETALES Y FRUTAS,190.0,0.0,10.4,14.0,0.0,10.4,1976.7,3
Salsa A Base De Tomates Y Zanahorias,SALSAS Y ADEREZOS,25.0,,5.0,,,4.5,390.0,3
"Ciruelas D´Agen Deshidratadas Sin Carozo Tiernas Grado Elegido. Nº De Unidades/Kilo: 22/44, 44/66, 66/88, 88/110, 110/132, 132/154, 154/176, 176/198, 198/220",VEGETALES Y FRUTAS,256.0,2.0,62.0,,7.0,58.0,36.0,3
Aceitunas Verdes En Rodaja En Salmuera,VEGETALES Y FRUTAS,165.0,0.0,12.5,12.0,0.0,12.5,2800.0,3
Porotos Pallares Escabechados Condimentados En Aceite,VEGETALES Y FRUTAS,212.0,7.6,13.0,14.6,6.8,0.0,424.0,3
Medallones De Soja,COMIDAS PREPARADAS,203.8,15.0,36.2,6.9,1.2,,800.0,3
Mix De Helado De Crema Sabor Frutilla Y Helado De Crema Sabor Vainilla Aromatizados Con Esencia Artificial Y Helado De Crema De Chocolate,HELADOS,173.8,2.1,25.0,7.2,,17.5,28.8,3
"Mix De Helado De Crema Sabor Vainilla, Helado De Crema Sabor Frutilla Aromatizados Con Esencia Artificial Y Helado De Crema De Chocolate",HELADOS,173.3,2.2,25.0,7.3,,21.7,28.3,3
Polvo Para Preparar Postre De Gelatina Con Aromatizante Artificial De Naranja,POSTRES,390.5,8.2,85.7,0.0,0.0,50.4,0.0,3
Polvo Para Preparar Postre De Gelatina Con Aromatizante Artificial De Frambuesa,POSTRES,390.5,8.2,85.7,0.0,0.0,50.4,0.0,3
Aderezo A Base De Garbanzos Condimentados,SALSAS Y ADEREZOS,241.7,8.3,20.0,14.0,8.0,6.7,380.0,3
Chocolate Con Leche Con Aromatizante Artificial De Vainilla,CACAO Y CHOCOLATE,556.0,8.8,52.0,34.4,3.8,,76.0,3
"Mix De Helado De Crema Sabor Crema Y Chantilly, Helado De Crema De Dulce De Leche Heladero Y Helado De Crema Sabor Banana Con Dulce De Leche Heladero, Aromatizados Con Esencia Artificial",HELADOS,171.7,3.3,31.7,6.8,,23.3,45.0,3
Aceitunas Verdes En Salmuera Calidad Ii Grupo A B C D E F Variedad Arauco,VEGETALES Y FRUTAS,145.0,0.0,0.0,15.5,3.5,0.0,1455.0,3
Alfajor De Cacao Relleno Con Dulce De Leche Repostero Cubierto Con Baño De Repostería Fantasía Blanco Con Esencia Artificial De Vainilla Y Etilvainillina,ALFAJORES,411.7,6.2,65.0,14.3,0.0,36.7,36.7,3
Alfajor De Cacao Relleno De Dulce De Leche Repostero Cubierto Con Baño De Repostería Semiamargo Aromatizado Con Etilvainillina,ALFAJORES,386.7,7.5,60.0,12.8,,35.0,63.9,3
Aceitunas Verdes Rellenas Con Queso Provolone En Aceite,VEGETALES Y FRUTAS,190.0,3.0,14.0,13.5,0.0,9.8,2255.0,3
"Sopa De Vegetales Con Fideos Secos, Deshidratada",CALDOS Y SOPAS,34.4,1.3,7.2,0.0,0.0,0.0,269.2,3
Aceitunas Verdes Rellenas Con Queso Azul En Aceite,VEGETALES Y FRUTAS,190.0,2.5,12.5,14.0,0.0,12.5,2965.0,3
Fiambre Cocido De Pata De Cerdo,CARNES Y CHACINADOS,137.5,13.0,5.2,6.5,,,552.5,3
Pastas Frescas Con Papa Tipo Ñoquis,PASTAS,187.0,6.3,38.0,1.7,0.9,0.0,268.0,3
Panqueques,COMIDAS PREPARADAS,263.0,11.7,44.0,4.8,1.2,10.0,276.7,3
Ciruelas Sin Carozo Tiernizadas Grado Elegido,VEGETALES Y FRUTAS,238.0,2.8,58.0,,7.8,54.0,26.0,3
Mezcla De Pulpa De Manzana Con Jugo Concentrado De Manzana,JUGOS,62.2,0.0,15.6,0.0,1.8,11.1,6.1,3
"Mezcla De Pulpa De Manzana, Pera Y Banana Con Jugo Concentrado De Manzana",JUGOS,68.9,0.7,16.7,0.0,1.8,11.1,26.7,3
Espárragos Tallos Cortos Verdes Tamaño Surtido,VEGETALES Y FRUTAS,26.0,3.0,2.8,,1.4,,424.0,3
Aderezo A Base De Uva Ugni Blanc,SALSAS Y ADEREZOS,308.3,,75.0,,,61.7,66.7,3
Aderezo A Base De Vinagre De Vino Y Mosto De Uva Concentrado,SALSAS Y ADEREZOS,216.7,0.0,50.0,0.0,0.0,41.8,54.2,3
Cerezas En Almibar Sabor Maraschino,CONFITURAS Y DULCES,200.0,,49.5,,,37.0,32.5,3
Longaniza A La Española,CARNES Y CHACINADOS,435.0,15.4,7.0,37.5,0.0,0.0,1007.5,3
Berenjenas Escabechadas Condimentadas En Aceite De Girasol,VEGETALES Y FRUTAS,246.0,0.6,4.4,26.0,2.4,1.2,460.0,3
Azúcar Impalpable,AZÚCARES Y EDULCORANTES,400.0,0.0,100.0,0.0,0.0,97.0,0.0,3
Aceitunas Verdes Rellenas Con Almendras En Aceite,VEGETALES Y FRUTAS,285.0,3.5,14.0,23.5,3.5,12.5,1210.0,3
"Jardinera De Hortalizas Y Legumbres Papas, Zanahorias Y Arvejas",VEGETALES Y FRUTAS,66.9,3.2,13.8,,1.5,1.0,159.2,3
Peras En Mitades Comunes Dietéticas Bajas Calorías,VEGETALES Y FRUTAS,27.1,,6.6,,1.9,4.3,10.7,3
Pastas Frescas Rellenas: Ravioles,PASTAS,226.0,9.1,43.0,5.2,1.3,,513.0,3
Coctel De Cuatro Frutas Grado Comun Dietetico Bajo En Calorías,SUPLEMENTOS Y DIETÉTICOS,25.7,0.3,6.1,,1.5,5.4,24.3,3
Harina De Maiz De Coccion Rapida Para Preparar Polenta,CEREALES Y HARINAS,352.0,7.6,76.0,1.4,4.0,0.0,0.0,3
Pan Dulce Milanés,MASAS Y PANADERÍA,321.2,6.4,52.5,9.8,1.9,23.1,152.5,3
Medallones Medianos Elegidos,VEGETALES Y FRUTAS,268.0,4.0,62.0,,7.4,62.0,232.0,3
Duraznos Amarillos En Trozos Comunes En Jarabe Muy Diluido,VEGETALES Y FRUTAS,44.3,,10.7,,0.6,,7.9,3
Coctel De Cinco Frutas Grado Comun En Jarabe Muy Diluido,VEGETALES Y FRUTAS,42.9,,10.0,,1.0,,5.3,3
Chocolate Amargo Con Leche Con Aromatizante Artificial De Vainilla,CACAO Y CHOCOLATE,536.0,6.8,48.0,36.0,4.0,,80.0,3
Duraznos Amarillos En Mitades Comunes En Jarabe Muy Diluido,VEGETALES Y FRUTAS,44.3,,10.7,,0.6,,7.9,3
Coctel De Cuatro Frutas Grado Comun En Jarabe Muy Diluido,VEGETALES Y FRUTAS,49.3,,12.1,,0.9,,5.7,3
Peras En Mitades Comunes En Jarabe Muy Diluido,VEGETALES Y FRUTAS,49.3,,12.1,,0.8,,5.3,3
Salchicha Tipo Frankfurt,CARNES Y CHACINADOS,192.0,13.0,10.2,10.0,0.0,0.0,808.0,3
Jugo De Limon A Base De Concentrado,JUGOS,18.0,0.0,4.0,0.1,0.4,3.8,10.0,3
Aderezo A Base De Garbanzos Y Porotos Con Ajo Y Mostaza,SALSAS Y ADEREZOS,500.0,,5.0,52.5,,,2025.0,3
Chocolate Con Leche Aromatizado Con Vainillina,CACAO Y CHOCOLATE,548.0,7.2,56.0,33.2,,,101.5,3
Aceite Comestible Mezcla De Aceite De Oliva Virgen Y Aceite De Girasol,ACEITES Y GRASAS,900.0,,,100.0,,,0.0,3
Bebida Alcohólica Mixta A Base De Alcohol De Cereal Con Saborizantes Naturales,BEBIDAS ALCOHÓLICAS,27.6,,0.7,,,0.6,22.2,3
Polvo Para Preparar Postre Sabor Vainilla,POSTRES,384.0,3.6,95.8,36.4,,68.0,190.9,3
Helado De Agua De Ananá,HELADOS,113.3,0.1,28.3,0.2,0.5,28.3,0.0,3
Duraznos Amarillos En Mitades Comunes Dietéticos Reducidos En Valor Calórico Y Valor Glucídico,SUPLEMENTOS Y DIETÉTICOS,32.9,1.1,7.1,,,4.9,15.7,3
Peras En Mitades Comunes Dieteticas Reducidas En Calorias Y En Valor Glucidico,SUPLEMENTOS Y DIETÉTICOS,27.9,0.0,6.4,0.0,1.0,4.4,0.0,3
Coctel De Cinco Frutas Grado Comun Dietetico Reducido En Calorias Y En Valor Glucidico,SUPLEMENTOS Y DIETÉTICOS,27.1,0.0,6.3,0.0,1.1,5.3,0.0,3
Peras En Mitades Comunes Dietetica Bajo En Calorias,SUPLEMENTOS Y DIETÉTICOS,27.1,0.1,6.5,0.0,1.6,5.5,20.0,3
Chocolate Blanco Con Aromatizante Artificial De Vainilla,CACAO Y CHOCOLATE,564.0,5.6,52.0,37.6,2.4,52.0,108.0,3
Peras En Mitades Comunes Dietética Bajo En Calorías,SUPLEMENTOS Y DIETÉTICOS,27.1,,6.5,,1.6,5.5,20.0,3
Tomate Triturado - Libre De Gluten,SIN CATEGORÍA,20.0,0.9,3.7,,0.6,2.3,14.6,3
Bebida Sin Alcohol Artificial Gasificada Sabor Cola,BEBIDAS ANALCOHÓLICAS,58.0,0.0,14.5,0.0,0.0,14.5,3.5,3
Helado De Agua Sabor Uva Aromatizado Con Esencia Artificial,HELADOS,85.0,,21.7,,,20.0,0.0,3
Fideos Semolados,PASTAS,341.2,11.2,71.2,1.1,3.0,0.0,10.0,3
Aceitunas Verdes Descarozadas En Salmuera Calidad Ii Grupo A B C D E F Variedad Arauco,VEGETALES Y FRUTAS,150.0,0.0,5.0,14.0,0.0,,3195.0,3
Alfajor De Almidon De Maiz Relleno Con Dulce De Leche Libre De Gluten,ALFAJORES,355.0,4.5,57.5,12.0,0.0,32.2,132.5,3
Tortitas Precocidas Refrigeradas,MASAS Y PANADERÍA,390.0,8.8,55.0,13.8,,,422.5,3
Aceitunas Rellenas Con Pimiento Morrón,VEGETALES Y FRUTAS,120.0,0.0,0.0,11.5,0.0,,1830.0,3
"Tapa Para Empanadas, Tapas Para Pasteles, Tapas Para Pascualinas, Tapas Para Empanadas De Copetin",MASAS Y PANADERÍA,310.0,6.0,50.0,9.7,2.0,,116.7,3
Medallones De Soja Congelados,COMIDAS PREPARADAS,243.8,7.4,50.0,1.5,9.4,,390.0,3
Torta De Chocolate,MASAS Y PANADERÍA,463.3,5.3,47.5,28.9,2.7,47.5,27.5,3
Chocolate Surtido,CACAO Y CHOCOLATE,528.0,8.4,44.0,32.0,2.4,40.0,84.0,3
Maíz Inflado Azucarado,CEREALES Y HARINAS,364.0,6.0,84.0,2.0,3.4,23.2,0.0,3
Cobertura De Chocolate Surtido,CACAO Y CHOCOLATE,528.0,8.0,52.0,34.4,2.6,48.0,84.0,3
Cobertura De Chocolate Blanco En Rama,CACAO Y CHOCOLATE,580.0,7.2,52.0,38.0,0.0,60.0,144.0,3
Helado De Crema Sabor Lemon Pie,HELADOS,228.3,3.7,27.0,10.0,1.0,26.7,103.3,3
Aderezo A Base De Vinagre Y Especias,SALSAS Y ADEREZOS,50.0,,10.0,,3.0,2.0,45.0,3
Aliño Ahumado A Base De Especias Y Sal,SALSAS Y ADEREZOS,280.0,10.0,40.0,10.0,10.0,,3900.0,3
Chocolate Para Taza,CACAO Y CHOCOLATE,420.0,6.0,40.0,24.0,8.3,36.0,0.0,3
Galleta De Hojaldre,MASAS Y PANADERÍA,400.0,7.5,57.5,12.0,1.1,32.5,430.0,3
Maíz Inflado Confitado,CEREALES Y HARINAS,496.0,2.4,64.0,25.6,1.6,35.6,0.0,3
Polvo Para Preparar Postre De Gelatina Sabor Frutilla,POSTRES,388.2,8.8,88.2,0.0,0.0,85.5,285.7,3
Harina De Maíz,CEREALES Y HARINAS,344.0,8.2,74.0,1.6,2.2,,20.0,3
Alfajor Relleno De Dulce De Leche Cubierto Con Baño De Repostería Blanco,GALLETITAS Y BARRAS,408.1,6.2,61.0,15.2,1.3,48.0,133.9,3
Ají En Vinagre De Alcohol,VEGETALES Y FRUTAS,20.0,0.6,4.0,0.2,1.4,2.0,616.0,3
Harinilla De Maíz,CEREALES Y HARINAS,340.0,9.0,76.0,2.0,1.4,,66.0,3
Formados De Carne De Pollo Rebozados Supercongelados,CARNES Y CHACINADOS,148.5,13.8,12.3,7.5,0.8,,366.1,3
Mani Tostado Salado,SEMILLAS Y FRUTOS SECOS,628.0,24.0,16.8,49.3,6.0,,600.0,3
Galletas Dulces Sabor Vainilla Con Mermelada De Membrillo,GALLETITAS Y BARRAS,456.7,5.0,66.7,19.0,0.0,18.3,103.3,3
Mezcla De Vegetales Supercongelada Para Preparar Relleno De Tarta,VEGETALES Y FRUTAS,57.1,2.1,8.1,1.7,2.1,1.6,280.0,3
"Pasas De Uva En Grano, Sin Semillas. Grado Elegido, Variedad Flame",VEGETALES Y FRUTAS,306.7,3.0,73.3,0.7,3.0,63.3,16.7,3
Pasas De Uva En Grano Sin Semilla. Variedad Superior. Grado Elegido,VEGETALES Y FRUTAS,320.0,2.0,76.7,0.7,3.7,60.0,26.7,3
"Barra De Cereales A Base De Texturizado De Arroz, Avena, Semillas De Girasol Y Cacao, Sabor Chocolate, Fortificada Con Vitaminas Y Minerales",SUPLEMENTOS Y DIETÉTICOS,377.5,6.4,64.0,9.2,5.6,20.0,64.0,3
Salsa A Base De Tomate Tipo Italiana,SALSAS Y ADEREZOS,28.3,0.8,5.3,0.0,1.3,3.2,210.0,3
"Pasas De Uva En Grano, Sin Semilla. Grado Elegido",VEGETALES Y FRUTAS,363.3,2.0,86.7,0.7,1.7,60.0,20.3,3
"Pasas De Uva En Grano, Sin Semillas. Grado Elegido",VEGETALES Y FRUTAS,363.3,2.0,86.7,0.7,1.7,60.0,20.3,3
Alfajor Relleno De Dulce De Leche Con Baño De Chocolate Amargo,GALLETITAS Y BARRAS,391.7,5.0,55.0,16.7,1.5,38.3,76.7,3
Alfajor Relleno De Dulce De Leche Y Confitura De Calafate Con Baño De Chocolate Amargo,GALLETITAS Y BARRAS,406.7,4.0,63.3,15.7,1.5,48.3,46.7,3
Alfajor Relleno De Dulce De Leche Con Baño De Reposteria Semiamargo Y De Fantasia Blanco,CARAMELOS Y GOLOSINAS,426.7,5.0,60.0,17.0,1.0,28.3,103.3,3
"Mezcla De Arándanos, Semillas Y Frutas Secas",CEREALES Y HARINAS,426.7,16.0,19.7,33.3,8.0,,6.3,3
"Mezcla De Pasas De Uva, Semillas Y Frutas Secas",CEREALES Y HARINAS,510.0,16.3,36.7,36.7,14.0,,4.7,3
Pan De Mesa Con Harina Integral Y Semillas,MASAS Y PANADERÍA,374.0,11.2,56.0,11.4,5.6,1.4,296.0,3
Caramelos Masticables Sabor A Tutti Frutti,CARAMELOS Y GOLOSINAS,378.8,0.0,85.9,3.5,0.0,55.6,0.0,3
Pan Arabe,MASAS Y PANADERÍA,344.0,8.4,66.0,5.0,2.8,0.0,298.0,3
Porotos Pallares En Escabeche,VEGETALES Y FRUTAS,128.0,7.8,24.0,3.5,6.0,5.6,412.0,3
Queso Criollo Con Provenzal,QUESOS,383.3,24.0,4.3,30.0,0.0,4.3,546.7,3
Queso Con Ají,QUESOS,430.0,32.3,0.0,33.3,0.0,0.0,330.0,3
Queso Con Orégano,QUESOS,430.0,32.3,0.0,33.3,0.0,0.0,330.0,3
Kombucha,BEBIDAS ALCOHÓLICAS,13.5,0.1,3.2,,,1.0,5.0,3
Salsa De Chimichurri,SALSAS Y ADEREZOS,50.0,0.0,12.0,0.0,0.0,0.0,160.0,3
Higos En Almíbar,CONFITURAS Y DULCES,260.0,0.0,65.0,0.0,2.9,61.2,0.0,3
Pan De Mesa,MASAS Y PANADERÍA,354.0,8.4,66.0,6.4,2.8,3.8,294.0,3
"Pastas Frescas Rellenas - Sorrentinos Con Ricota, Queso Y Jamón",PASTAS,283.0,11.0,49.0,4.8,1.8,0.0,586.0,3
Lentejas Libre De Gluten,VEGETALES Y FRUTAS,288.3,23.3,46.7,1.0,16.2,,11.7,3
Maní Con Cobertura,VEGETALES Y FRUTAS,480.0,13.2,30.8,33.6,17.6,9.2,612.0,3
Porotos Alubia Libre De Gluten,VEGETALES Y FRUTAS,248.3,23.3,36.7,1.0,21.7,,15.0,3
Galletitas Tipo Crackers,GALLETITAS Y BARRAS,423.3,11.0,66.7,12.0,2.7,3.7,510.0,3
"Caramelos Masticables Sabores A Tutti Frutti, Arandano, Uva Y Sandia. Libre De Gluten",CARAMELOS Y GOLOSINAS,378.8,,85.9,3.0,,55.6,0.0,3
Palito Helado De Agua Sabor Tutti Frutti,HELADOS,93.3,0.0,23.3,0.0,0.0,20.8,0.0,3
Pan De Campo,MASAS Y PANADERÍA,346.0,10.0,66.0,4.6,4.2,1.4,448.0,3
Miel De Caña,AZÚCARES Y EDULCORANTES,280.0,0.0,70.0,0.0,0.0,70.0,0.0,3
Queso Criollo Con Oregano,QUESOS,383.3,24.0,4.3,30.0,,4.3,546.7,3
Pan Para Hamburguesas Tipo Brioche Con Papa,MASAS Y PANADERÍA,380.0,9.0,64.0,9.8,2.6,6.8,294.0,3
Helado De Leche Sabor Cereza,HELADOS,110.0,3.0,18.3,2.7,,18.3,60.0,3
Helado De Leche Sabor Flan,HELADOS,118.3,3.2,20.0,2.8,0.0,20.0,35.0,3
Helado De Agua Sabor Sandia,HELADOS,86.7,,21.7,,,18.3,0.0,3
Chorizo Fresco Tipo Parrillero,CARNES Y CHACINADOS,288.0,15.2,1.8,24.0,,,488.0,3
Harina Leudante,CEREALES Y HARINAS,338.0,9.0,72.0,1.6,3.0,5.0,350.0,3
Colación De Dulce De Leche Glaseada,ALFAJORES,326.0,6.6,58.0,7.6,0.4,,74.0,3
Cochero De Turrón De Miel De Caña,ALFAJORES,315.0,4.5,67.5,3.0,0.5,,40.0,3
Empanadilla De Cayote Bañada Con Merengue,ALFAJORES,304.4,5.6,60.0,4.7,1.1,,46.7,3
Helado De Leche Sabor Durazno,HELADOS,90.0,2.3,16.1,2.0,,,38.5,3
Jugo De Naranja Con Pulpa,JUGOS,41.0,0.7,9.5,0.0,0.6,8.5,0.0,3
